ts,category,notes,created_at
2026-05-25T06:34:00+00:00,inicio_alimentacion,,2026-06-14T06:25:44.009297+00:00
2026-05-25T06:40:00+00:00,termino_alimentacion,,2026-06-14T06:25:45.651752+00:00
2026-05-25T15:14:00+00:00,inicio_alimentacion,,2026-06-14T06:26:49.730153+00:00
2026-05-25T15:22:00+00:00,termino_alimentacion,,2026-06-14T06:26:49.745240+00:00
2026-05-25T23:05:00+00:00,inicio_alimentacion,,2026-06-14T06:27:02.463464+00:00
2026-05-25T23:12:00+00:00,termino_alimentacion,,2026-06-14T06:27:02.463464+00:00
2026-05-26T07:17:00+00:00,inicio_alimentacion,,2026-06-14T06:27:25.871893+00:00
2026-05-26T07:24:00+00:00,termino_alimentacion,,2026-06-14T06:27:25.877014+00:00
2026-05-26T11:36:00+00:00,inicio_alimentacion,,2026-06-14T06:27:41.711671+00:00
2026-05-26T11:41:00+00:00,termino_alimentacion,,2026-06-14T06:27:41.717346+00:00
2026-05-26T21:34:00+00:00,inicio_servido,,2026-06-14T06:28:34.529607+00:00
2026-05-26T21:45:00+00:00,termino_servido,,2026-06-14T06:28:34.529607+00:00
2026-05-27T00:02:00+00:00,inicio_alimentacion,,2026-06-14T06:28:55.828610+00:00
2026-05-27T00:12:00+00:00,termino_alimentacion,,2026-06-14T06:28:55.835665+00:00
2026-05-27T19:49:00+00:00,inicio_alimentacion,,2026-06-14T06:29:08.966983+00:00
2026-05-27T19:58:00+00:00,termino_alimentacion,,2026-06-14T06:29:08.973157+00:00
2026-05-27T23:57:00+00:00,inicio_alimentacion,,2026-06-14T06:29:19.379056+00:00
2026-05-28T00:07:00+00:00,termino_alimentacion,,2026-06-14T06:29:19.379056+00:00
2026-05-28T09:47:00+00:00,inicio_alimentacion,,2026-06-14T06:29:41.698087+00:00
2026-05-28T09:55:00+00:00,termino_alimentacion,,2026-06-14T06:29:41.704222+00:00
2026-05-28T14:44:00+00:00,sin_categorizar,,2026-06-14T06:30:04.144380+00:00
2026-05-29T00:19:00+00:00,falso_positivo,,2026-06-14T06:30:20.379189+00:00
2026-05-29T03:40:00+00:00,inicio_alimentacion,,2026-06-14T06:30:31.005675+00:00
2026-05-29T03:48:00+00:00,termino_alimentacion,,2026-06-14T06:30:31.005675+00:00
2026-05-29T09:40:00+00:00,inicio_alimentacion,,2026-06-14T06:30:45.155629+00:00
2026-05-29T09:48:00+00:00,termino_alimentacion,,2026-06-14T06:30:45.158748+00:00
2026-05-30T00:41:00+00:00,inicio_servido,,2026-06-14T06:31:08.991553+00:00
2026-05-30T00:47:00+00:00,termino_servido,,2026-06-14T06:31:08.999233+00:00
2026-05-30T03:33:00+00:00,falso_positivo,,2026-06-14T06:31:26.892584+00:00
2026-05-30T08:57:00+00:00,falso_positivo,,2026-06-14T06:31:40.423668+00:00
2026-05-25T12:17:00+00:00,inicio_alimentacion,,2026-06-14T06:33:08.481429+00:00
2026-05-25T12:25:00+00:00,termino_alimentacion,,2026-06-14T06:33:08.489951+00:00
2026-05-26T07:48:00+00:00,inicio_alimentacion,,2026-06-14T06:33:23.373354+00:00
2026-05-26T07:57:00+00:00,termino_alimentacion,,2026-06-14T06:33:23.373354+00:00
2026-05-26T16:08:00+00:00,inicio_alimentacion,,2026-06-14T06:33:48.252191+00:00
2026-05-26T16:14:00+00:00,termino_alimentacion,,2026-06-14T06:33:48.261589+00:00
2026-05-27T13:43:00+00:00,inicio_alimentacion,,2026-06-14T06:33:57.629413+00:00
2026-05-27T13:51:00+00:00,termino_alimentacion,,2026-06-14T06:33:57.636416+00:00
2026-05-28T04:57:00+00:00,inicio_alimentacion,,2026-06-14T06:34:07.519094+00:00
2026-05-28T05:03:00+00:00,termino_alimentacion,,2026-06-14T06:34:07.528942+00:00
2026-05-28T23:41:00+00:00,inicio_alimentacion,,2026-06-14T06:34:17.719282+00:00
2026-05-28T23:49:00+00:00,termino_alimentacion,,2026-06-14T06:34:17.725253+00:00
2026-05-29T09:11:00+00:00,inicio_alimentacion,,2026-06-14T06:34:28.068069+00:00
2026-05-29T09:15:00+00:00,termino_alimentacion,,2026-06-14T06:34:28.080210+00:00
2026-05-30T00:53:00+00:00,falso_positivo,,2026-06-14T06:34:41.831135+00:00
2026-05-30T09:11:00+00:00,inicio_alimentacion,,2026-06-14T06:35:24.499143+00:00
2026-05-30T09:19:00+00:00,termino_alimentacion,,2026-06-14T06:35:24.517247+00:00
2026-05-30T11:19:00+00:00,falso_positivo,,2026-06-14T06:35:37.482631+00:00
2026-05-30T11:58:00+00:00,inicio_alimentacion,,2026-06-14T06:35:47.741080+00:00
2026-05-30T12:07:00+00:00,termino_alimentacion,,2026-06-14T06:35:47.748431+00:00
2026-05-30T21:47:00+00:00,inicio_alimentacion,,2026-06-14T06:35:57.228648+00:00
2026-05-30T21:54:00+00:00,termino_alimentacion,,2026-06-14T06:35:57.235604+00:00
2026-05-31T01:57:00+00:00,inicio_alimentacion,,2026-06-14T06:36:09.183510+00:00
2026-05-31T02:02:00+00:00,termino_alimentacion,,2026-06-14T06:36:09.191514+00:00
2026-05-31T14:39:00+00:00,inicio_servido,,2026-06-14T06:36:56.678375+00:00
2026-05-31T14:42:00+00:00,termino_servido,,2026-06-14T06:36:56.686261+00:00
2026-05-31T16:52:00+00:00,falso_positivo,,2026-06-14T06:37:25.978604+00:00
2026-05-31T21:42:00+00:00,inicio_alimentacion,,2026-06-14T06:38:08.126075+00:00
2026-05-31T21:50:00+00:00,termino_alimentacion,,2026-06-14T06:38:08.141117+00:00
2026-06-01T08:26:00+00:00,inicio_alimentacion,,2026-06-14T06:38:23.179692+00:00
2026-06-01T08:31:00+00:00,termino_alimentacion,,2026-06-14T06:38:23.195854+00:00
2026-06-01T09:50:00+00:00,inicio_alimentacion,,2026-06-14T06:38:35.165440+00:00
2026-06-01T09:59:00+00:00,termino_alimentacion,,2026-06-14T06:38:35.171398+00:00
2026-06-01T14:44:00+00:00,inicio_alimentacion,,2026-06-14T06:38:47.467345+00:00
2026-06-01T14:54:00+00:00,termino_alimentacion,,2026-06-14T06:38:47.473892+00:00
2026-06-01T16:12:00+00:00,falso_positivo,,2026-06-14T06:39:04.407473+00:00
2026-06-01T17:02:00+00:00,inicio_alimentacion,,2026-06-14T06:39:15.158124+00:00
2026-06-01T17:12:00+00:00,termino_alimentacion,,2026-06-14T06:39:15.165422+00:00
2026-06-01T17:51:00+00:00,falso_positivo,,2026-06-14T06:39:32.154048+00:00
2026-06-01T21:29:00+00:00,falso_positivo,,2026-06-14T06:39:52.582993+00:00
2026-06-02T00:28:00+00:00,inicio_alimentacion,,2026-06-14T06:40:01.991244+00:00
2026-06-02T00:33:00+00:00,termino_alimentacion,,2026-06-14T06:40:01.996375+00:00
2026-06-02T06:49:00+00:00,inicio_alimentacion,,2026-06-14T06:40:13.759952+00:00
2026-06-02T06:55:00+00:00,termino_alimentacion,,2026-06-14T06:40:13.769119+00:00
2026-06-02T14:53:00+00:00,inicio_alimentacion,,2026-06-14T06:40:29.169281+00:00
2026-06-02T15:01:00+00:00,termino_alimentacion,,2026-06-14T06:40:29.176648+00:00
2026-06-02T15:20:00+00:00,falso_positivo,,2026-06-14T06:40:49.128597+00:00
2026-06-02T19:53:00+00:00,inicio_alimentacion,,2026-06-14T06:41:02.992113+00:00
2026-06-02T19:58:00+00:00,termino_alimentacion,,2026-06-14T06:41:02.992113+00:00
2026-06-02T23:09:00+00:00,inicio_alimentacion,,2026-06-14T06:41:15.117780+00:00
2026-06-02T23:15:00+00:00,termino_alimentacion,,2026-06-14T06:41:15.127424+00:00
2026-06-03T01:39:00+00:00,falso_positivo,,2026-06-14T06:41:27.068286+00:00
2026-06-03T04:51:00+00:00,falso_positivo,,2026-06-14T06:41:39.666285+00:00
2026-06-03T12:27:00+00:00,falso_positivo,,2026-06-14T06:41:51.943231+00:00
2026-06-03T17:43:00+00:00,falso_positivo,,2026-06-14T06:42:06.383427+00:00
2026-06-04T00:48:00+00:00,inicio_alimentacion,,2026-06-14T06:42:17.482558+00:00
2026-06-04T00:56:00+00:00,termino_alimentacion,,2026-06-14T06:42:17.496921+00:00
2026-06-04T01:47:00+00:00,falso_positivo,,2026-06-14T06:42:41.398165+00:00
2026-06-04T14:36:00+00:00,falso_positivo,,2026-06-14T06:42:57.215151+00:00
2026-06-04T15:44:00+00:00,inicio_alimentacion,,2026-06-14T06:43:08.647894+00:00
2026-06-04T15:50:00+00:00,termino_alimentacion,,2026-06-14T06:43:08.654988+00:00
2026-06-04T17:43:00+00:00,inicio_alimentacion,,2026-06-14T06:43:18.708371+00:00
2026-06-04T17:57:00+00:00,termino_alimentacion,,2026-06-14T06:43:18.715839+00:00
2026-06-04T22:36:00+00:00,inicio_alimentacion,,2026-06-14T06:43:39.637897+00:00
2026-06-04T22:43:00+00:00,termino_alimentacion,,2026-06-14T06:43:39.647592+00:00
2026-06-05T01:34:00+00:00,falso_positivo,,2026-06-14T06:43:53.262270+00:00
2026-06-05T10:27:00+00:00,inicio_alimentacion,,2026-06-14T06:44:05.210124+00:00
2026-06-05T10:31:00+00:00,termino_alimentacion,,2026-06-14T06:44:05.220143+00:00
2026-06-05T15:05:00+00:00,inicio_alimentacion,,2026-06-14T06:44:26.957172+00:00
2026-06-05T15:15:00+00:00,termino_alimentacion,,2026-06-14T06:44:26.967912+00:00
2026-06-05T19:50:00+00:00,inicio_servido,,2026-06-14T06:45:02.445333+00:00
2026-06-05T19:55:00+00:00,termino_servido,,2026-06-14T06:45:02.454300+00:00
2026-06-05T23:13:00+00:00,falso_positivo,,2026-06-14T06:45:38.981312+00:00
2026-06-05T23:38:00+00:00,inicio_alimentacion,,2026-06-14T06:45:51.517966+00:00
2026-06-05T23:45:00+00:00,termino_alimentacion,,2026-06-14T06:45:51.525552+00:00
2026-06-06T11:49:00+00:00,inicio_alimentacion,,2026-06-14T06:46:00.795027+00:00
2026-06-06T11:57:00+00:00,termino_alimentacion,,2026-06-14T06:46:00.805294+00:00
2026-06-07T00:25:00+00:00,inicio_alimentacion,,2026-06-14T06:46:12.998644+00:00
2026-06-07T00:30:00+00:00,termino_alimentacion,,2026-06-14T06:46:13.008381+00:00
2026-06-07T08:29:00+00:00,inicio_alimentacion,,2026-06-14T06:46:23.522644+00:00
2026-06-07T08:37:00+00:00,termino_alimentacion,,2026-06-14T06:46:23.529860+00:00
2026-06-07T19:50:00+00:00,inicio_alimentacion,,2026-06-14T06:46:39.372618+00:00
2026-06-07T19:59:00+00:00,termino_alimentacion,,2026-06-14T06:46:39.383207+00:00
2026-06-08T05:38:00+00:00,falso_positivo,,2026-06-14T06:46:51.605035+00:00
2026-06-08T09:25:00+00:00,inicio_alimentacion,,2026-06-14T06:47:05.371991+00:00
2026-06-08T09:32:00+00:00,termino_alimentacion,,2026-06-14T06:47:05.381744+00:00
2026-06-08T13:45:00+00:00,falso_positivo,,2026-06-14T06:47:27.025869+00:00
2026-06-09T00:26:00+00:00,inicio_alimentacion,,2026-06-14T06:47:43.431678+00:00
2026-06-09T00:38:00+00:00,termino_alimentacion,,2026-06-14T06:47:43.442492+00:00
2026-06-09T12:14:00+00:00,inicio_servido,,2026-06-14T06:48:40.145040+00:00
2026-06-09T12:17:00+00:00,termino_servido,,2026-06-14T06:48:40.156040+00:00
2026-06-09T18:51:00+00:00,inicio_alimentacion,,2026-06-14T06:48:58.520697+00:00
2026-06-09T18:55:00+00:00,termino_alimentacion,,2026-06-14T06:48:58.530877+00:00
2026-06-10T01:14:00+00:00,falso_positivo,,2026-06-14T06:49:20.845795+00:00
2026-06-10T09:15:00+00:00,inicio_alimentacion,,2026-06-14T06:49:30.798520+00:00
2026-06-10T09:21:00+00:00,termino_alimentacion,,2026-06-14T06:49:30.807630+00:00
2026-06-10T14:19:00+00:00,inicio_alimentacion,,2026-06-14T06:49:48.681996+00:00
2026-06-10T14:24:00+00:00,termino_alimentacion,,2026-06-14T06:49:48.690259+00:00
2026-06-10T17:44:00+00:00,inicio_servido,,2026-06-14T06:50:03.587641+00:00
2026-06-10T17:47:00+00:00,termino_servido,,2026-06-14T06:50:03.598510+00:00
2026-06-10T22:00:00+00:00,falso_positivo,,2026-06-14T06:50:38.285972+00:00
2026-06-11T04:37:00+00:00,inicio_alimentacion,,2026-06-14T06:50:51.756300+00:00
2026-06-11T04:46:00+00:00,termino_alimentacion,,2026-06-14T06:50:51.762568+00:00
2026-06-11T14:48:00+00:00,inicio_alimentacion,,2026-06-14T06:51:08.813958+00:00
2026-06-11T14:54:00+00:00,termino_alimentacion,,2026-06-14T06:51:08.823924+00:00
2026-06-11T22:24:00+00:00,inicio_alimentacion,,2026-06-14T06:51:20.616784+00:00
2026-06-11T22:34:00+00:00,termino_alimentacion,,2026-06-14T06:51:20.624699+00:00
2026-06-12T10:19:00+00:00,inicio_alimentacion,,2026-06-14T06:51:37.747740+00:00
2026-06-12T10:28:00+00:00,termino_alimentacion,,2026-06-14T06:51:37.756504+00:00
2026-06-12T18:39:00+00:00,falso_positivo,,2026-06-14T06:51:48.883307+00:00
2026-06-13T00:31:00+00:00,falso_positivo,,2026-06-14T06:52:07.715340+00:00
2026-06-13T15:28:00+00:00,inicio_alimentacion,,2026-06-14T06:52:20.236737+00:00
2026-06-13T15:34:00+00:00,termino_alimentacion,,2026-06-14T06:52:20.243097+00:00
2026-06-13T18:59:00+00:00,falso_positivo,,2026-06-14T06:52:31.166263+00:00
2026-06-13T10:37:00+00:00,falso_positivo,,2026-06-14T06:52:41.342116+00:00
2026-06-13T00:23:00+00:00,falso_positivo,,2026-06-14T06:52:55.795270+00:00
2026-06-12T17:20:00+00:00,inicio_alimentacion,,2026-06-14T06:53:32.952392+00:00
2026-06-12T17:29:00+00:00,termino_alimentacion,,2026-06-14T06:53:32.962387+00:00
2026-06-12T05:00:00+00:00,inicio_alimentacion,,2026-06-14T06:53:47.640914+00:00
2026-06-12T05:09:00+00:00,termino_alimentacion,,2026-06-14T06:53:47.649914+00:00
2026-06-11T17:38:00+00:00,inicio_alimentacion,,2026-06-14T06:53:57.926480+00:00
2026-06-11T17:46:00+00:00,termino_alimentacion,,2026-06-14T06:53:57.935771+00:00
2026-06-11T14:19:00+00:00,falso_positivo,,2026-06-14T06:54:08.889182+00:00
2026-06-10T22:03:00+00:00,falso_positivo,,2026-06-14T06:54:35.103111+00:00
2026-06-10T20:42:00+00:00,falso_positivo,,2026-06-14T06:54:46.453674+00:00
2026-06-10T16:09:00+00:00,inicio_alimentacion,,2026-06-14T06:54:56.932062+00:00
2026-06-10T16:16:00+00:00,termino_alimentacion,,2026-06-14T06:54:56.942019+00:00
2026-06-10T13:11:00+00:00,inicio_alimentacion,,2026-06-14T06:55:06.060535+00:00
2026-06-10T13:19:00+00:00,termino_alimentacion,,2026-06-14T06:55:06.076205+00:00
2026-06-10T08:56:00+00:00,inicio_alimentacion,,2026-06-14T06:55:16.779346+00:00
2026-06-10T09:03:00+00:00,termino_alimentacion,,2026-06-14T06:55:16.787345+00:00
2026-06-09T20:53:00+00:00,inicio_alimentacion,,2026-06-14T06:55:27.402325+00:00
2026-06-09T21:03:00+00:00,termino_alimentacion,,2026-06-14T06:55:27.410294+00:00
2026-06-09T13:20:00+00:00,inicio_alimentacion,,2026-06-14T06:55:38.986819+00:00
2026-06-09T13:25:00+00:00,termino_alimentacion,,2026-06-14T06:55:38.997075+00:00
2026-06-09T08:31:00+00:00,inicio_alimentacion,,2026-06-14T06:55:50.186156+00:00
2026-06-09T08:40:00+00:00,termino_alimentacion,,2026-06-14T06:55:50.186156+00:00
2026-06-08T21:19:00+00:00,inicio_alimentacion,,2026-06-14T06:56:00.118288+00:00
2026-06-08T21:27:00+00:00,termino_alimentacion,,2026-06-14T06:56:00.126288+00:00
2026-06-08T13:45:00+00:00,falso_positivo,,2026-06-14T06:56:23.772743+00:00
2026-05-25T21:02:00+00:00,inicio_alimentacion,,2026-06-14T06:57:01.104035+00:00
2026-05-25T21:09:00+00:00,termino_alimentacion,,2026-06-14T06:57:01.111641+00:00
2026-05-26T22:26:00+00:00,falso_positivo,,2026-06-14T06:57:11.592404+00:00
2026-05-28T14:22:00+00:00,falso_positivo,,2026-06-14T06:57:23.318954+00:00
2026-05-29T14:02:00+00:00,inicio_alimentacion,,2026-06-14T06:57:32.628779+00:00
2026-05-29T14:10:00+00:00,termino_alimentacion,,2026-06-14T06:57:32.635796+00:00
2026-05-30T10:27:00+00:00,inicio_alimentacion,,2026-06-14T06:57:45.897849+00:00
2026-05-30T10:31:00+00:00,termino_alimentacion,,2026-06-14T06:57:45.905444+00:00
2026-05-30T16:25:00+00:00,inicio_alimentacion,,2026-06-14T06:57:55.847956+00:00
2026-05-30T16:30:00+00:00,termino_alimentacion,,2026-06-14T06:57:55.856406+00:00
2026-05-31T07:47:00+00:00,inicio_alimentacion,,2026-06-14T06:58:06.408746+00:00
2026-05-31T07:52:00+00:00,termino_alimentacion,,2026-06-14T06:58:06.415700+00:00
2026-05-31T23:06:00+00:00,falso_positivo,,2026-06-14T06:58:20.041633+00:00
2026-06-01T09:13:00+00:00,falso_positivo,,2026-06-14T06:58:31.671123+00:00
2026-06-01T15:45:00+00:00,falso_positivo,,2026-06-14T06:58:42.069581+00:00
2026-06-01T17:43:00+00:00,falso_positivo,,2026-06-14T06:59:00.168701+00:00
2026-06-01T23:16:00+00:00,inicio_alimentacion,,2026-06-14T06:59:10.915395+00:00
2026-06-01T23:25:00+00:00,termino_alimentacion,,2026-06-14T06:59:10.922776+00:00
2026-06-02T12:33:00+00:00,falso_positivo,,2026-06-14T06:59:33.287383+00:00
2026-06-02T15:20:00+00:00,falso_positivo,,2026-06-14T06:59:57.521184+00:00
2026-06-02T18:16:00+00:00,falso_positivo,,2026-06-14T07:00:09.256186+00:00
2026-06-03T01:15:00+00:00,inicio_alimentacion,,2026-06-14T07:00:19.419761+00:00
2026-06-03T01:19:00+00:00,termino_alimentacion,,2026-06-14T07:00:19.419761+00:00
2026-06-03T09:54:00+00:00,inicio_alimentacion,,2026-06-14T07:00:35.435504+00:00
2026-06-03T09:59:00+00:00,termino_alimentacion,,2026-06-14T07:00:35.443130+00:00
2026-06-03T21:08:00+00:00,inicio_alimentacion,,2026-06-14T07:01:06.336117+00:00
2026-06-03T21:17:00+00:00,termino_alimentacion,,2026-06-14T07:01:06.351742+00:00
2026-06-04T12:27:00+00:00,inicio_alimentacion,,2026-06-14T07:01:25.087906+00:00
2026-06-04T12:35:00+00:00,termino_alimentacion,,2026-06-14T07:01:25.097900+00:00
2026-06-04T15:59:00+00:00,inicio_servido,,2026-06-14T07:01:43.085602+00:00
2026-06-04T16:02:00+00:00,termino_servido,,2026-06-14T07:01:43.101186+00:00
2026-06-05T00:52:00+00:00,falso_positivo,,2026-06-14T07:02:10.952601+00:00
2026-06-05T14:33:00+00:00,falso_positivo,,2026-06-14T07:02:25.927738+00:00
2026-06-05T20:15:00+00:00,inicio_alimentacion,,2026-06-14T07:02:38.823389+00:00
2026-06-05T20:21:00+00:00,termino_alimentacion,,2026-06-14T07:02:38.823389+00:00
2026-06-06T10:06:00+00:00,inicio_alimentacion,,2026-06-14T07:02:54.149746+00:00
2026-06-06T10:16:00+00:00,termino_alimentacion,,2026-06-14T07:02:54.158376+00:00
2026-06-07T04:08:00+00:00,falso_positivo,,2026-06-14T07:03:05.491664+00:00
2026-06-07T23:48:00+00:00,inicio_alimentacion,,2026-06-14T07:03:18.332085+00:00
2026-06-07T23:54:00+00:00,termino_alimentacion,,2026-06-14T07:03:18.342602+00:00
2026-06-08T13:45:00+00:00,falso_positivo,,2026-06-14T07:03:39.503111+00:00
2026-06-08T13:45:00+00:00,falso_positivo,,2026-06-14T07:03:50.684328+00:00
2026-05-26T11:07:00+00:00,inicio_alimentacion,,2026-06-14T07:04:19.169397+00:00
2026-05-26T11:15:00+00:00,termino_alimentacion,,2026-06-14T07:04:19.178633+00:00
2026-05-29T02:57:00+00:00,falso_positivo,,2026-06-14T07:04:50.498606+00:00
2026-05-30T11:26:00+00:00,falso_positivo,,2026-06-14T07:05:04.236497+00:00
2026-05-31T14:52:00+00:00,falso_positivo,,2026-06-14T07:05:24.335796+00:00
2026-06-01T14:22:00+00:00,falso_positivo,,2026-06-14T07:05:41.985612+00:00
2026-06-01T21:16:00+00:00,falso_positivo,,2026-06-14T07:05:56.140729+00:00
2026-06-02T12:35:00+00:00,falso_positivo,,2026-06-14T07:06:30.101720+00:00
2026-06-02T21:09:00+00:00,inicio_servido,,2026-06-14T07:06:51.466841+00:00
2026-06-02T21:13:00+00:00,termino_servido,,2026-06-14T07:06:51.475299+00:00
2026-06-03T16:30:00+00:00,falso_positivo,,2026-06-14T07:07:02.966821+00:00
2026-06-04T14:48:00+00:00,falso_positivo,,2026-06-14T07:07:36.418336+00:00
2026-06-05T02:41:00+00:00,falso_positivo,,2026-06-14T07:07:52.985164+00:00
2026-06-05T23:14:00+00:00,falso_positivo,,2026-06-14T07:08:12.519245+00:00
2026-06-06T18:06:00+00:00,inicio_alimentacion,,2026-06-14T07:08:24.928296+00:00
2026-06-06T18:11:00+00:00,termino_alimentacion,,2026-06-14T07:08:24.938305+00:00
2026-06-08T13:45:00+00:00,falso_positivo,,2026-06-14T07:09:09.765663+00:00
2026-06-08T13:45:00+00:00,falso_positivo,,2026-06-14T07:09:26.115754+00:00
2026-06-08T13:45:00+00:00,falso_positivo,,2026-06-14T07:09:33.884434+00:00
2026-05-27T21:29:00+00:00,falso_positivo,,2026-06-14T07:09:57.231586+00:00
2026-05-30T22:10:00+00:00,falso_positivo,,2026-06-14T07:10:09.123414+00:00
2026-06-01T16:33:00+00:00,falso_positivo,,2026-06-14T07:10:19.898513+00:00
2026-06-02T15:20:00+00:00,falso_positivo,,2026-06-14T07:10:40.590751+00:00
2026-06-03T03:32:00+00:00,inicio_alimentacion,,2026-06-14T07:10:50.098106+00:00
2026-06-03T03:36:00+00:00,termino_alimentacion,,2026-06-14T07:10:50.108731+00:00
2026-06-04T18:46:00+00:00,inicio_alimentacion,,2026-06-14T07:11:07.508658+00:00
2026-06-04T18:52:00+00:00,termino_alimentacion,,2026-06-14T07:11:07.520264+00:00
2026-06-05T23:14:00+00:00,falso_positivo,,2026-06-14T07:11:21.634490+00:00
2026-06-07T14:57:00+00:00,inicio_alimentacion,,2026-06-14T07:11:36.396466+00:00
2026-06-07T15:05:00+00:00,termino_alimentacion,,2026-06-14T07:11:36.405012+00:00
2026-06-08T13:47:00+00:00,falso_positivo,,2026-06-14T07:11:47.330495+00:00
2026-06-08T13:23:00+00:00,falso_positivo,,2026-06-14T07:12:01.375890+00:00
2026-06-05T23:18:00+00:00,inicio_servido,,2026-06-14T07:12:07.484448+00:00
2026-06-05T23:23:00+00:00,termino_servido,,2026-06-14T07:12:07.484448+00:00
2026-06-05T17:28:00+00:00,falso_positivo,,2026-06-14T07:12:20.264051+00:00
2026-06-04T09:15:00+00:00,falso_positivo,,2026-06-14T07:12:32.075501+00:00
2026-06-02T15:23:00+00:00,falso_positivo,,2026-06-14T07:12:39.888790+00:00
2026-06-02T06:07:00+00:00,falso_positivo,,2026-06-14T07:13:00.670904+00:00
2026-05-31T23:10:00+00:00,inicio_alimentacion,,2026-06-14T07:13:14.511197+00:00
2026-05-31T23:19:00+00:00,termino_alimentacion,,2026-06-14T07:13:14.521058+00:00
2026-05-30T04:02:00+00:00,falso_positivo,,2026-06-14T07:13:25.751301+00:00
2026-04-08T03:14:00+00:00,falso_positivo,,2026-06-14T08:05:09.849652+00:00
2026-04-08T09:08:00+00:00,inicio_alimentacion,,2026-06-14T08:06:12.308609+00:00
2026-04-08T09:15:00+00:00,termino_alimentacion,,2026-06-14T08:06:12.319611+00:00
2026-04-08T20:46:00+00:00,inicio_alimentacion,,2026-06-14T08:06:51.340740+00:00
2026-04-08T20:52:00+00:00,termino_alimentacion,,2026-06-14T08:06:51.357428+00:00
2026-04-09T02:31:00+00:00,falso_positivo,,2026-06-14T08:07:15.344686+00:00
2026-04-09T08:40:00+00:00,inicio_alimentacion,,2026-06-14T08:11:13.028651+00:00
2026-04-09T08:48:00+00:00,termino_alimentacion,,2026-06-14T08:11:13.038255+00:00
2026-04-09T19:25:00+00:00,inicio_alimentacion,,2026-06-14T08:11:49.767307+00:00
2026-04-09T19:29:00+00:00,termino_alimentacion,,2026-06-14T08:11:49.779828+00:00
2026-04-09T23:27:00+00:00,inicio_alimentacion,,2026-06-14T08:12:18.644131+00:00
2026-04-09T23:36:00+00:00,termino_alimentacion,,2026-06-14T08:12:18.698765+00:00
2026-04-10T04:34:00+00:00,inicio_alimentacion,,2026-06-14T08:12:40.727657+00:00
2026-04-10T04:51:00+00:00,termino_alimentacion,,2026-06-14T08:12:40.738188+00:00
2026-04-10T08:54:00+00:00,inicio_alimentacion,,2026-06-14T08:13:11.957672+00:00
2026-04-10T09:01:00+00:00,termino_alimentacion,,2026-06-14T08:13:11.969118+00:00
2026-04-10T15:15:00+00:00,inicio_alimentacion,,2026-06-14T08:13:42.495389+00:00
2026-04-10T15:20:00+00:00,termino_alimentacion,,2026-06-14T08:13:42.505866+00:00
2026-04-10T21:12:00+00:00,inicio_alimentacion,,2026-06-14T08:14:21.678363+00:00
2026-04-10T21:18:00+00:00,termino_alimentacion,,2026-06-14T08:14:21.690653+00:00
2026-04-12T01:34:00+00:00,inicio_alimentacion,,2026-06-14T08:14:37.198412+00:00
2026-04-12T01:39:00+00:00,termino_alimentacion,,2026-06-14T08:14:37.209949+00:00
2026-04-12T04:04:00+00:00,inicio_alimentacion,,2026-06-14T08:15:00.111844+00:00
2026-04-12T04:11:00+00:00,termino_alimentacion,,2026-06-14T08:15:00.125373+00:00
2026-04-12T11:47:00+00:00,inicio_alimentacion,,2026-06-14T08:15:15.088992+00:00
2026-04-12T11:56:00+00:00,termino_alimentacion,,2026-06-14T08:15:15.099552+00:00
2026-04-12T21:25:00+00:00,inicio_alimentacion,,2026-06-14T08:15:40.540977+00:00
2026-04-12T21:31:00+00:00,termino_alimentacion,,2026-06-14T08:15:40.552302+00:00
2026-04-13T10:22:00+00:00,inicio_alimentacion,,2026-06-14T08:16:06.425206+00:00
2026-04-13T10:29:00+00:00,termino_alimentacion,,2026-06-14T08:16:06.436846+00:00
2026-04-13T12:20:00+00:00,inicio_servido,,2026-06-14T08:16:41.476701+00:00
2026-04-13T12:22:00+00:00,termino_servido,,2026-06-14T08:16:41.488261+00:00
2026-04-13T13:26:00+00:00,inicio_alimentacion,,2026-06-14T08:17:09.198231+00:00
2026-04-13T13:32:00+00:00,termino_alimentacion,,2026-06-14T08:17:09.211721+00:00
2026-04-13T19:04:00+00:00,inicio_alimentacion,,2026-06-14T08:17:26.791780+00:00
2026-04-13T19:12:00+00:00,termino_alimentacion,,2026-06-14T08:17:26.802089+00:00
2026-04-14T00:04:00+00:00,inicio_alimentacion,,2026-06-14T08:17:43.219868+00:00
2026-04-14T00:10:00+00:00,termino_alimentacion,,2026-06-14T08:17:43.242760+00:00
2026-04-14T06:26:00+00:00,inicio_alimentacion,,2026-06-14T08:18:01.572763+00:00
2026-04-14T06:32:00+00:00,termino_alimentacion,,2026-06-14T08:18:01.584867+00:00
2026-04-14T17:14:00+00:00,inicio_alimentacion,,2026-06-14T08:18:19.349786+00:00
2026-04-14T17:18:00+00:00,termino_alimentacion,,2026-06-14T08:18:19.360035+00:00
2026-04-15T00:47:00+00:00,inicio_alimentacion,,2026-06-14T08:18:32.243062+00:00
2026-04-15T00:52:00+00:00,termino_alimentacion,,2026-06-14T08:18:32.253613+00:00
2026-04-15T10:45:00+00:00,inicio_alimentacion,,2026-06-14T08:18:47.936500+00:00
2026-04-15T10:49:00+00:00,termino_alimentacion,,2026-06-14T08:18:47.956031+00:00
2026-04-15T21:26:00+00:00,inicio_alimentacion,,2026-06-14T08:19:03.892818+00:00
2026-04-15T21:32:00+00:00,termino_alimentacion,,2026-06-14T08:19:03.903907+00:00
2026-04-16T14:08:00+00:00,inicio_alimentacion,,2026-06-14T08:19:16.845489+00:00
2026-04-16T14:14:00+00:00,termino_alimentacion,,2026-06-14T08:19:16.868167+00:00
2026-04-19T05:11:00+00:00,inicio_alimentacion,,2026-06-14T08:19:30.550373+00:00
2026-04-19T05:18:00+00:00,termino_alimentacion,,2026-06-14T08:19:30.561415+00:00
2026-04-19T15:49:00+00:00,inicio_alimentacion,,2026-06-14T08:19:47.842664+00:00
2026-04-19T15:55:00+00:00,termino_alimentacion,,2026-06-14T08:19:47.856132+00:00
2026-04-20T02:16:00+00:00,falso_positivo,,2026-06-14T08:20:03.123246+00:00
2026-04-20T10:49:00+00:00,inicio_alimentacion,,2026-06-14T08:20:33.063338+00:00
2026-04-20T10:56:00+00:00,termino_alimentacion,,2026-06-14T08:20:33.075876+00:00
2026-04-20T15:50:00+00:00,inicio_alimentacion,,2026-06-14T08:20:47.975267+00:00
2026-04-20T15:56:00+00:00,termino_alimentacion,,2026-06-14T08:20:47.985540+00:00
2026-04-21T00:17:00+00:00,inicio_alimentacion,,2026-06-14T08:21:01.764081+00:00
2026-04-21T00:23:00+00:00,termino_alimentacion,,2026-06-14T08:21:01.776707+00:00
2026-04-21T13:36:00+00:00,inicio_alimentacion,,2026-06-14T08:21:29.693133+00:00
2026-04-21T13:41:00+00:00,termino_alimentacion,,2026-06-14T08:21:29.706901+00:00
2026-04-21T14:14:00+00:00,inicio_alimentacion,,2026-06-14T08:21:48.926235+00:00
2026-04-21T14:20:00+00:00,termino_alimentacion,,2026-06-14T08:21:48.936905+00:00
2026-04-22T02:42:00+00:00,inicio_alimentacion,,2026-06-14T08:22:21.555265+00:00
2026-04-22T02:47:00+00:00,termino_alimentacion,,2026-06-14T08:22:21.565753+00:00
2026-04-22T11:35:00+00:00,inicio_alimentacion,,2026-06-14T08:22:48.950041+00:00
2026-04-22T11:39:00+00:00,termino_alimentacion,,2026-06-14T08:22:48.960238+00:00
2026-04-23T01:25:00+00:00,inicio_alimentacion,,2026-06-14T08:23:16.403271+00:00
2026-04-23T01:31:00+00:00,termino_alimentacion,,2026-06-14T08:23:16.413793+00:00
2026-04-23T13:13:00+00:00,inicio_alimentacion,,2026-06-14T08:23:54.060304+00:00
2026-04-23T13:21:00+00:00,termino_alimentacion,,2026-06-14T08:23:54.071434+00:00
2026-04-23T22:23:00+00:00,inicio_alimentacion,,2026-06-14T08:24:21.512827+00:00
2026-04-23T22:31:00+00:00,termino_alimentacion,,2026-06-14T08:24:21.522699+00:00
2026-04-24T01:50:00+00:00,inicio_alimentacion,,2026-06-14T08:24:42.201327+00:00
2026-04-24T01:56:00+00:00,termino_alimentacion,,2026-06-14T08:24:42.213216+00:00
2026-04-24T18:25:00+00:00,falso_positivo,,2026-06-14T08:25:23.063022+00:00
2026-04-25T07:27:00+00:00,inicio_alimentacion,,2026-06-14T08:25:43.216776+00:00
2026-04-25T07:32:00+00:00,termino_alimentacion,,2026-06-14T08:25:43.229127+00:00
2026-04-25T16:22:00+00:00,inicio_alimentacion,,2026-06-14T08:26:06.704810+00:00
2026-04-25T16:29:00+00:00,termino_alimentacion,,2026-06-14T08:26:06.716332+00:00
2026-04-25T23:46:00+00:00,inicio_alimentacion,,2026-06-14T08:26:27.576754+00:00
2026-04-25T23:53:00+00:00,termino_alimentacion,,2026-06-14T08:26:27.588256+00:00
2026-04-26T13:11:00+00:00,inicio_alimentacion,,2026-06-14T08:26:43.519749+00:00
2026-04-26T13:17:00+00:00,termino_alimentacion,,2026-06-14T08:26:43.531790+00:00
2026-04-26T22:18:00+00:00,inicio_alimentacion,,2026-06-14T08:26:56.975162+00:00
2026-04-26T22:27:00+00:00,termino_alimentacion,,2026-06-14T08:26:56.988732+00:00
2026-04-27T04:47:00+00:00,inicio_servido,,2026-06-14T08:27:18.308744+00:00
2026-04-27T04:50:00+00:00,termino_servido,,2026-06-14T08:27:18.319107+00:00
2026-04-27T14:34:00+00:00,inicio_alimentacion,,2026-06-14T08:27:30.442047+00:00
2026-04-27T14:39:00+00:00,termino_alimentacion,,2026-06-14T08:27:30.454517+00:00
2026-04-27T20:39:00+00:00,inicio_alimentacion,,2026-06-14T08:27:48.918418+00:00
2026-04-27T20:45:00+00:00,termino_alimentacion,,2026-06-14T08:27:48.929433+00:00
2026-04-28T09:44:00+00:00,inicio_alimentacion,,2026-06-14T08:28:13.364655+00:00
2026-04-28T09:55:00+00:00,termino_alimentacion,,2026-06-14T08:28:13.374937+00:00
2026-04-28T19:04:00+00:00,falso_positivo,,2026-06-14T08:28:28.359922+00:00
2026-04-28T21:02:00+00:00,inicio_servido,,2026-06-14T08:28:46.647490+00:00
2026-04-28T21:04:00+00:00,termino_servido,,2026-06-14T08:28:46.659068+00:00
2026-04-29T08:00:00+00:00,inicio_alimentacion,,2026-06-14T08:28:57.714909+00:00
2026-04-29T08:08:00+00:00,termino_alimentacion,,2026-06-14T08:28:57.725427+00:00
2026-04-29T21:22:00+00:00,inicio_alimentacion,,2026-06-14T08:29:10.817376+00:00
2026-04-29T21:29:00+00:00,termino_alimentacion,,2026-06-14T08:29:10.830367+00:00
2026-04-30T01:26:00+00:00,inicio_alimentacion,,2026-06-14T08:29:43.014895+00:00
2026-04-30T01:35:00+00:00,termino_alimentacion,,2026-06-14T08:29:43.024438+00:00
2026-04-30T12:27:00+00:00,inicio_alimentacion,,2026-06-14T08:30:09.971562+00:00
2026-04-30T12:35:00+00:00,termino_alimentacion,,2026-06-14T08:30:09.983137+00:00
2026-04-30T21:54:00+00:00,inicio_alimentacion,,2026-06-14T08:30:23.322894+00:00
2026-04-30T22:00:00+00:00,termino_alimentacion,,2026-06-14T08:30:23.336456+00:00
2026-05-01T02:31:00+00:00,inicio_alimentacion,,2026-06-14T08:31:01.448009+00:00
2026-05-01T02:39:00+00:00,termino_alimentacion,,2026-06-14T08:31:01.457544+00:00
2026-05-01T11:27:00+00:00,falso_positivo,,2026-06-14T08:31:27.597017+00:00
2026-05-01T11:55:00+00:00,inicio_alimentacion,,2026-06-14T08:32:01.872216+00:00
2026-05-01T11:59:00+00:00,termino_alimentacion,,2026-06-14T08:32:01.885418+00:00
2026-05-01T16:41:00+00:00,inicio_alimentacion,,2026-06-14T08:32:17.930235+00:00
2026-05-01T16:46:00+00:00,termino_alimentacion,,2026-06-14T08:32:17.940738+00:00
2026-05-01T11:27:00+00:00,falso_positivo,,2026-06-14T08:32:55.077342+00:00
2026-05-01T11:24:00+00:00,falso_positivo,,2026-06-14T08:33:09.700581+00:00
2026-05-01T11:24:00+00:00,falso_positivo,,2026-06-14T08:33:14.385054+00:00
2026-04-08T03:17:00+00:00,falso_positivo,,2026-06-14T08:34:16.499894+00:00
2026-04-08T23:21:00+00:00,inicio_alimentacion,,2026-06-14T08:34:35.479362+00:00
2026-04-08T23:26:00+00:00,termino_alimentacion,,2026-06-14T08:34:35.491722+00:00
2026-04-09T11:55:00+00:00,inicio_alimentacion,,2026-06-14T08:34:58.960343+00:00
2026-04-09T12:01:00+00:00,termino_alimentacion,,2026-06-14T08:34:58.971950+00:00
2026-04-10T01:40:00+00:00,inicio_alimentacion,,2026-06-14T08:35:13.668367+00:00
2026-04-10T01:49:00+00:00,termino_alimentacion,,2026-06-14T08:35:13.682946+00:00
2026-04-10T12:36:00+00:00,inicio_alimentacion,,2026-06-14T08:35:33.111268+00:00
2026-04-10T12:41:00+00:00,termino_alimentacion,,2026-06-14T08:35:33.122803+00:00
2026-04-11T18:03:00+00:00,falso_positivo,,2026-06-14T08:35:47.744232+00:00
2026-04-12T10:52:00+00:00,inicio_alimentacion,,2026-06-14T08:36:11.570463+00:00
2026-04-12T10:55:00+00:00,termino_alimentacion,,2026-06-14T08:36:11.582418+00:00
2026-04-12T21:52:00+00:00,inicio_alimentacion,,2026-06-14T08:36:25.607723+00:00
2026-04-12T21:57:00+00:00,termino_alimentacion,,2026-06-14T08:36:25.621845+00:00
2026-04-13T13:13:00+00:00,inicio_alimentacion,,2026-06-14T08:36:44.726309+00:00
2026-04-13T13:16:00+00:00,termino_alimentacion,,2026-06-14T08:36:44.740001+00:00
2026-04-13T23:44:00+00:00,falso_positivo,,2026-06-14T08:36:59.077629+00:00
2026-04-14T11:51:00+00:00,inicio_alimentacion,,2026-06-14T08:37:28.383473+00:00
2026-04-14T11:58:00+00:00,termino_alimentacion,,2026-06-14T08:37:28.397973+00:00
2026-04-15T13:56:00+00:00,inicio_alimentacion,,2026-06-14T08:38:06.587141+00:00
2026-04-15T14:02:00+00:00,termino_alimentacion,,2026-06-14T08:38:06.597193+00:00
2026-04-19T01:26:00+00:00,inicio_alimentacion,,2026-06-14T08:38:32.927348+00:00
2026-04-19T01:32:00+00:00,termino_alimentacion,,2026-06-14T08:38:32.940436+00:00
2026-04-19T20:33:00+00:00,inicio_alimentacion,,2026-06-14T08:38:57.655625+00:00
2026-04-19T20:41:00+00:00,termino_alimentacion,,2026-06-14T08:38:57.666790+00:00
2026-04-20T15:13:00+00:00,inicio_alimentacion,,2026-06-14T08:39:09.052205+00:00
2026-04-20T15:17:00+00:00,termino_alimentacion,,2026-06-14T08:39:09.062245+00:00
2026-04-21T09:01:00+00:00,inicio_alimentacion,,2026-06-14T08:39:17.759592+00:00
2026-04-21T09:07:00+00:00,termino_alimentacion,,2026-06-14T08:39:17.780660+00:00
2026-04-21T22:38:00+00:00,falso_positivo,,2026-06-14T08:39:32.777623+00:00
2026-04-23T08:58:00+00:00,inicio_alimentacion,,2026-06-14T08:39:51.547361+00:00
2026-04-23T09:03:00+00:00,termino_alimentacion,,2026-06-14T08:39:51.558407+00:00
2026-04-24T09:28:00+00:00,inicio_alimentacion,,2026-06-14T08:40:18.768982+00:00
2026-04-24T09:38:00+00:00,termino_alimentacion,,2026-06-14T08:40:18.782534+00:00
2026-04-24T22:58:00+00:00,falso_positivo,,2026-06-14T08:40:41.840063+00:00
2026-04-25T20:38:00+00:00,inicio_alimentacion,,2026-06-14T08:41:06.880107+00:00
2026-04-25T20:44:00+00:00,termino_alimentacion,,2026-06-14T08:41:06.893641+00:00
2026-04-26T18:08:00+00:00,inicio_alimentacion,,2026-06-14T08:41:21.618363+00:00
2026-04-26T18:14:00+00:00,termino_alimentacion,,2026-06-14T08:41:21.630367+00:00
2026-04-27T10:24:00+00:00,inicio_alimentacion,,2026-06-14T08:41:33.200441+00:00
2026-04-27T10:32:00+00:00,termino_alimentacion,,2026-06-14T08:41:33.212978+00:00
2026-04-28T09:46:00+00:00,inicio_alimentacion,,2026-06-14T08:42:03.195829+00:00
2026-04-28T09:52:00+00:00,termino_alimentacion,,2026-06-14T08:42:03.206932+00:00
2026-04-28T20:20:00+00:00,inicio_alimentacion,,2026-06-14T08:42:18.714027+00:00
2026-04-28T20:29:00+00:00,termino_alimentacion,,2026-06-14T08:42:18.726523+00:00
2026-04-29T12:14:00+00:00,inicio_alimentacion,,2026-06-14T08:42:30.839127+00:00
2026-04-29T12:21:00+00:00,termino_alimentacion,,2026-06-14T08:42:30.852004+00:00
2026-04-30T10:04:00+00:00,inicio_alimentacion,,2026-06-14T08:42:59.722018+00:00
2026-04-30T10:09:00+00:00,termino_alimentacion,,2026-06-14T08:42:59.732537+00:00
2026-05-01T01:01:00+00:00,inicio_alimentacion,,2026-06-14T08:43:16.195781+00:00
2026-05-01T01:06:00+00:00,termino_alimentacion,,2026-06-14T08:43:16.207882+00:00
2026-05-01T11:31:00+00:00,falso_positivo,,2026-06-14T08:43:32.790294+00:00
2026-05-01T08:35:00+00:00,falso_positivo,,2026-06-14T08:43:40.518564+00:00
2026-04-30T20:55:00+00:00,inicio_alimentacion,,2026-06-14T08:43:56.678143+00:00
2026-04-30T20:58:00+00:00,termino_alimentacion,,2026-06-14T08:43:56.693243+00:00
2026-04-29T23:49:00+00:00,inicio_alimentacion,,2026-06-14T08:44:10.067871+00:00
2026-04-29T23:53:00+00:00,termino_alimentacion,,2026-06-14T08:44:10.078403+00:00
2026-04-28T23:53:00+00:00,inicio_alimentacion,,2026-06-14T08:44:25.070465+00:00
2026-04-28T23:58:00+00:00,termino_alimentacion,,2026-06-14T08:44:25.083072+00:00
2026-04-28T12:34:00+00:00,inicio_alimentacion,,2026-06-14T08:44:36.932866+00:00
2026-04-28T12:41:00+00:00,termino_alimentacion,,2026-06-14T08:44:36.944435+00:00
2026-04-28T00:14:00+00:00,inicio_alimentacion,,2026-06-14T08:44:48.777208+00:00
2026-04-28T00:20:00+00:00,termino_alimentacion,,2026-06-14T08:44:48.791577+00:00
2026-04-27T04:11:00+00:00,falso_positivo,,2026-06-14T08:44:56.189505+00:00
2026-04-26T09:09:00+00:00,inicio_alimentacion,,2026-06-14T08:45:07.635572+00:00
2026-04-26T09:15:00+00:00,termino_alimentacion,,2026-06-14T08:45:07.648645+00:00
2026-04-25T09:47:00+00:00,falso_positivo,,2026-06-14T08:45:15.247219+00:00
2026-04-24T22:35:00+00:00,inicio_alimentacion,,2026-06-14T08:45:41.810534+00:00
2026-04-24T22:42:00+00:00,termino_alimentacion,,2026-06-14T08:45:41.823110+00:00
2026-04-23T16:23:00+00:00,inicio_alimentacion,,2026-06-14T08:45:57.974206+00:00
2026-04-23T16:30:00+00:00,termino_alimentacion,,2026-06-14T08:45:57.988256+00:00
2026-04-22T21:50:00+00:00,inicio_alimentacion,,2026-06-14T08:46:16.078244+00:00
2026-04-22T21:53:00+00:00,termino_alimentacion,,2026-06-14T08:46:16.091782+00:00
2026-04-22T07:24:00+00:00,inicio_alimentacion,,2026-06-14T08:46:28.019363+00:00
2026-04-22T07:32:00+00:00,termino_alimentacion,,2026-06-14T08:46:28.029884+00:00
2026-04-20T21:19:00+00:00,falso_positivo,,2026-06-14T08:46:41.494749+00:00
2026-04-20T04:16:00+00:00,inicio_alimentacion,,2026-06-14T08:46:58.502163+00:00
2026-04-20T04:20:00+00:00,termino_alimentacion,,2026-06-14T08:46:58.513693+00:00
2026-04-19T09:43:00+00:00,inicio_alimentacion,,2026-06-14T08:47:07.181657+00:00
2026-04-19T09:49:00+00:00,termino_alimentacion,,2026-06-14T08:47:07.210776+00:00
2026-04-16T10:01:00+00:00,inicio_alimentacion,,2026-06-14T08:47:22.190199+00:00
2026-04-16T10:11:00+00:00,termino_alimentacion,,2026-06-14T08:47:22.199770+00:00
2026-04-15T08:43:00+00:00,falso_positivo,,2026-06-14T08:47:35.353839+00:00
2026-04-14T21:43:00+00:00,inicio_alimentacion,,2026-06-14T08:47:45.778998+00:00
2026-04-14T21:51:00+00:00,termino_alimentacion,,2026-06-14T08:47:45.791704+00:00
2026-04-13T16:46:00+00:00,falso_positivo,,2026-06-14T08:47:57.851899+00:00
2026-04-13T10:40:00+00:00,falso_positivo,,2026-06-14T08:48:13.057632+00:00
2026-04-12T14:17:00+00:00,inicio_alimentacion,,2026-06-14T08:48:32.177130+00:00
2026-04-12T14:25:00+00:00,termino_alimentacion,,2026-06-14T08:48:32.189712+00:00
2026-04-12T03:56:00+00:00,falso_positivo,,2026-06-14T08:48:48.043128+00:00
2026-04-11T12:48:00+00:00,inicio_alimentacion,,2026-06-14T08:49:00.073957+00:00
2026-04-11T12:54:00+00:00,termino_alimentacion,,2026-06-14T08:49:00.084946+00:00
2026-04-10T12:04:00+00:00,inicio_servido,,2026-06-14T08:49:15.630359+00:00
2026-04-10T12:07:00+00:00,termino_servido,,2026-06-14T08:49:15.641574+00:00
2026-04-09T23:11:00+00:00,inicio_servido,,2026-06-14T08:49:27.777988+00:00
2026-04-09T23:15:00+00:00,termino_servido,,2026-06-14T08:49:27.789544+00:00
2026-04-09T04:58:00+00:00,falso_positivo,,2026-06-14T08:49:41.944656+00:00
2026-04-08T13:41:00+00:00,inicio_alimentacion,,2026-06-14T08:49:54.070400+00:00
2026-04-08T13:46:00+00:00,termino_alimentacion,,2026-06-14T08:49:54.086447+00:00
2026-05-25T06:33:00+00:00,inicio_alimentacion,,2026-06-14T18:49:46.543045+00:00
2026-05-25T06:40:00+00:00,termino_alimentacion,,2026-06-14T18:49:46.609758+00:00
2026-05-26T16:10:00+00:00,inicio_alimentacion,,2026-06-14T18:51:16.051999+00:00
2026-05-26T16:14:00+00:00,termino_alimentacion,,2026-06-14T18:51:16.117661+00:00
2026-05-26T21:35:00+00:00,inicio_servido,,2026-06-14T18:51:59.098877+00:00
2026-05-26T21:36:00+00:00,termino_servido,,2026-06-14T18:51:59.115647+00:00
2026-05-26T22:27:00+00:00,falso_positivo,,2026-06-14T18:52:08.163564+00:00
2026-05-27T00:03:00+00:00,inicio_alimentacion,,2026-06-14T18:52:14.263387+00:00
2026-05-27T00:12:00+00:00,termino_alimentacion,,2026-06-14T18:52:14.289143+00:00
2026-05-27T13:44:00+00:00,inicio_alimentacion,,2026-06-14T18:52:21.550299+00:00
2026-05-27T13:51:00+00:00,termino_alimentacion,,2026-06-14T18:52:21.602412+00:00
2026-05-27T19:50:00+00:00,inicio_alimentacion,,2026-06-14T18:52:27.814872+00:00
2026-05-27T19:58:00+00:00,termino_alimentacion,,2026-06-14T18:52:27.859858+00:00
2026-05-27T21:30:00+00:00,falso_positivo,,2026-06-14T18:52:41.123440+00:00
2026-05-27T23:58:00+00:00,inicio_alimentacion,,2026-06-14T18:52:48.761214+00:00
2026-05-28T00:07:00+00:00,termino_alimentacion,,2026-06-14T18:52:48.781014+00:00
2026-05-28T04:58:00+00:00,inicio_alimentacion,,2026-06-14T18:52:53.890786+00:00
2026-05-28T05:03:00+00:00,termino_alimentacion,,2026-06-14T18:52:53.929301+00:00
2026-05-28T09:48:00+00:00,inicio_alimentacion,,2026-06-14T18:52:58.988324+00:00
2026-05-28T09:55:00+00:00,termino_alimentacion,,2026-06-14T18:52:59.035441+00:00
2026-05-28T14:23:00+00:00,falso_positivo,,2026-06-14T18:53:12.559230+00:00
2026-05-28T14:45:00+00:00,falso_positivo,,2026-06-14T18:53:31.521166+00:00
2026-05-28T23:42:00+00:00,inicio_alimentacion,,2026-06-14T18:53:36.661627+00:00
2026-05-28T23:49:00+00:00,termino_alimentacion,,2026-06-14T18:53:36.681802+00:00
2026-05-29T00:20:00+00:00,falso_positivo,,2026-06-14T18:53:43.805301+00:00
2026-05-29T02:58:00+00:00,falso_positivo,,2026-06-14T18:53:57.631318+00:00
2026-05-29T03:41:00+00:00,inicio_alimentacion,,2026-06-14T18:54:05.931262+00:00
2026-05-29T03:48:00+00:00,termino_alimentacion,,2026-06-14T18:54:05.954413+00:00
2026-05-29T09:12:00+00:00,falso_positivo,,2026-06-14T18:54:15.995898+00:00
2026-05-29T09:41:00+00:00,inicio_alimentacion,,2026-06-14T18:54:22.402827+00:00
2026-05-29T09:48:00+00:00,termino_alimentacion,,2026-06-14T18:54:22.431370+00:00
2026-05-29T14:03:00+00:00,inicio_alimentacion,,2026-06-14T18:54:27.637486+00:00
2026-05-29T14:10:00+00:00,termino_alimentacion,,2026-06-14T18:54:27.664040+00:00
2026-05-30T00:42:00+00:00,inicio_servido,,2026-06-14T18:54:39.049308+00:00
2026-05-30T00:47:00+00:00,termino_servido,,2026-06-14T18:54:39.089157+00:00
2026-05-30T00:54:00+00:00,falso_positivo,,2026-06-14T18:54:47.468036+00:00
2026-05-30T03:34:00+00:00,falso_positivo,,2026-06-14T18:54:55.342620+00:00
2026-05-30T04:03:00+00:00,falso_positivo,,2026-06-14T18:55:03.539363+00:00
2026-05-30T04:02:00+00:00,inicio_servido,,2026-06-14T18:55:37.697343+00:00
2026-05-30T04:11:00+00:00,termino_servido,,2026-06-14T18:55:37.710899+00:00
2026-05-31T07:48:00+00:00,inicio_alimentacion,,2026-06-14T18:58:45.235285+00:00
2026-05-31T07:53:00+00:00,termino_alimentacion,,2026-06-14T18:58:45.254086+00:00
2026-05-31T14:41:00+00:00,inicio_servido,,2026-06-14T18:58:51.826604+00:00
2026-05-31T14:49:00+00:00,termino_servido,,2026-06-14T18:58:51.860508+00:00
2026-05-31T14:53:00+00:00,inicio_servido,,2026-06-14T18:59:18.251863+00:00
2026-05-31T14:55:00+00:00,termino_servido,,2026-06-14T18:59:18.270459+00:00
2026-05-31T16:54:00+00:00,falso_positivo,,2026-06-14T18:59:32.041768+00:00
2026-05-31T21:39:00+00:00,falso_positivo,,2026-06-14T18:59:45.709036+00:00
2026-05-31T21:43:00+00:00,inicio_alimentacion,,2026-06-14T18:59:53.800825+00:00
2026-05-31T21:50:00+00:00,termino_alimentacion,,2026-06-14T18:59:53.821670+00:00
2026-05-31T23:07:00+00:00,falso_positivo,,2026-06-14T19:00:00.347612+00:00
2026-05-31T23:11:00+00:00,inicio_alimentacion,,2026-06-14T19:00:09.625869+00:00
2026-05-31T23:19:00+00:00,termino_alimentacion,,2026-06-14T19:00:09.670832+00:00
2026-06-01T08:27:00+00:00,inicio_alimentacion,,2026-06-14T19:00:22.919612+00:00
2026-06-01T08:31:00+00:00,termino_alimentacion,,2026-06-14T19:00:22.943137+00:00
2026-06-01T09:14:00+00:00,falso_positivo,,2026-06-14T19:00:28.381651+00:00
2026-06-01T09:51:00+00:00,inicio_alimentacion,,2026-06-14T19:00:33.743050+00:00
2026-06-01T09:59:00+00:00,termino_alimentacion,,2026-06-14T19:00:33.783869+00:00
2026-06-01T14:23:00+00:00,falso_positivo,,2026-06-14T19:00:42.593220+00:00
2026-06-01T14:21:00+00:00,falso_positivo,,2026-06-14T19:01:16.421972+00:00
2026-06-01T14:45:00+00:00,inicio_alimentacion,,2026-06-14T19:01:25.219488+00:00
2026-06-01T14:54:00+00:00,termino_alimentacion,,2026-06-14T19:01:25.251453+00:00
2026-06-01T15:44:00+00:00,inicio_servido,,2026-06-14T19:01:52.501491+00:00
2026-06-01T15:48:00+00:00,termino_servido,,2026-06-14T19:01:52.513699+00:00
2026-06-01T16:11:00+00:00,falso_positivo,,2026-06-14T19:02:12.195535+00:00
2026-06-01T16:32:00+00:00,falso_positivo,,2026-06-14T19:02:41.197209+00:00
2026-05-25T06:33:00+00:00,inicio_servido,,2026-06-14T19:04:07.613887+00:00
2026-05-25T06:35:00+00:00,termino_servido,,2026-06-14T19:04:07.629404+00:00
