id_anotacion,id_candidato,t_inicio,t_fin,categoria,notas,device_code,origen,created_at
1,2,2026-04-08 13:41:00+00:00,2026-04-08 13:46:00+00:00,alimentacion,,KPCL0034,candidato_auto,2026-06-26T04:19:06.938583+00:00
2,1,2026-04-08 09:10:00+00:00,2026-04-08 09:15:00+00:00,alimentacion,,KPCL0034,candidato_auto,2026-06-26T04:24:19.037900+00:00
3,4,2026-04-08 23:22:00+00:00,2026-04-08 23:26:00+00:00,alimentacion,,KPCL0034,candidato_auto,2026-06-26T04:24:44.094087+00:00
4,6,2026-04-09 04:59:00+00:00,2026-04-09 05:11:00+00:00,ruido,,KPCL0034,candidato_auto,2026-06-26T04:24:53.133810+00:00
5,8,2026-04-09 11:55:00+00:00,2026-04-09 12:01:00+00:00,alimentacion,,KPCL0034,candidato_auto,2026-06-26T04:26:33.157092+00:00
6,10,2026-04-09 19:25:00+00:00,2026-04-09 19:36:00+00:00,ruido,,KPCL0034,candidato_auto,2026-06-26T04:26:57.174279+00:00
7,12,2026-04-09 23:06:00+00:00,2026-04-09 23:24:00+00:00,ruido,,KPCL0034,candidato_auto,2026-06-26T04:27:27.814796+00:00
8,14,2026-04-10 01:40:00+00:00,2026-04-10 01:49:00+00:00,alimentacion,,KPCL0034,candidato_auto,2026-06-26T04:27:55.029895+00:00
9,16,2026-04-10 08:55:00+00:00,2026-04-10 09:10:00+00:00,ruido,,KPCL0034,candidato_auto,2026-06-26T04:28:16.933727+00:00
10,18,2026-04-10 12:36:00+00:00,2026-04-10 12:41:00+00:00,alimentacion,,KPCL0034,candidato_auto,2026-06-26T04:28:40.302207+00:00
11,20,2026-04-10 21:12:00+00:00,2026-04-10 21:18:00+00:00,alimentacion,,KPCL0034,candidato_auto,2026-06-26T04:29:06.024665+00:00
12,22,2026-04-11 07:27:00+00:00,2026-04-11 07:38:00+00:00,ruido,,KPCL0034,candidato_auto,2026-06-26T04:29:16.581614+00:00
13,24,2026-04-11 18:02:00+00:00,2026-04-11 18:08:00+00:00,alimentacion,,KPCL0034,candidato_auto,2026-06-26T04:29:31.746442+00:00
14,26,2026-04-12 01:35:00+00:00,2026-04-12 01:39:00+00:00,alimentacion,,KPCL0034,candidato_auto,2026-06-26T04:29:52.811870+00:00
15,28,2026-04-12 10:53:00+00:00,2026-04-12 11:04:00+00:00,ruido,,KPCL0034,candidato_auto,2026-06-26T04:30:08.734261+00:00
16,30,2026-04-12 14:19:00+00:00,2026-04-12 14:25:00+00:00,alimentacion,,KPCL0034,candidato_auto,2026-06-26T04:30:26.546729+00:00
17,32,2026-04-12 21:26:00+00:00,2026-04-12 21:31:00+00:00,alimentacion,,KPCL0034,candidato_auto,2026-06-26T04:30:43.948975+00:00
18,34,2026-04-13 10:23:00+00:00,2026-04-13 10:37:00+00:00,ruido,,KPCL0034,candidato_auto,2026-06-26T04:31:49.953555+00:00
19,36,2026-04-13 12:20:00+00:00,2026-04-13 12:25:00+00:00,servido,,KPCL0034,candidato_auto,2026-06-26T04:32:17.493485+00:00
20,38,2026-04-13 13:26:00+00:00,2026-04-13 13:32:00+00:00,alimentacion,,KPCL0034,candidato_auto,2026-06-26T04:32:32.162306+00:00
21,40,2026-04-13 19:05:00+00:00,2026-04-13 19:12:00+00:00,alimentacion,,KPCL0034,candidato_auto,2026-06-26T04:32:48.928507+00:00
22,42,2026-04-14 00:05:00+00:00,2026-04-14 00:10:00+00:00,alimentacion,,KPCL0034,candidato_auto,2026-06-26T04:33:15.554649+00:00
23,44,2026-04-14 12:07:00+00:00,2026-04-14 12:08:00+00:00,servido,,KPCL0034,candidato_auto,2026-06-26T04:34:14.517201+00:00
24,46,2026-04-14 21:44:00+00:00,2026-04-14 21:51:00+00:00,alimentacion,,KPCL0034,candidato_auto,2026-06-26T04:35:02.359629+00:00
25,48,2026-04-15 08:40:00+00:00,2026-04-15 08:45:00+00:00,alimentacion,,KPCL0034,candidato_auto,2026-06-26T04:35:19.600242+00:00
27,52,2026-04-15 21:27:00+00:00,2026-04-15 21:32:00+00:00,alimentacion,,KPCL0034,candidato_auto,2026-06-26T04:36:04.313220+00:00
28,54,2026-04-16 14:08:00+00:00,2026-04-16 14:14:00+00:00,alimentacion,,KPCL0034,candidato_auto,2026-06-26T04:36:34.915694+00:00
29,56,2026-04-19 05:11:00+00:00,2026-04-19 05:23:00+00:00,alimentacion,,KPCL0034,candidato_auto,2026-06-26T04:36:59.187616+00:00
30,58,2026-04-19 15:50:00+00:00,2026-04-19 15:55:00+00:00,alimentacion,,KPCL0034,candidato_auto,2026-06-26T04:37:39.232429+00:00
31,60,2026-04-19 20:33:00+00:00,2026-04-19 20:41:00+00:00,alimentacion,,KPCL0034,candidato_auto,2026-06-26T04:38:03.024065+00:00
32,62,2026-04-20 02:17:00+00:00,2026-04-20 02:28:00+00:00,ruido,,KPCL0034,candidato_auto,2026-06-26T04:38:08.147613+00:00
33,64,2026-04-20 10:49:00+00:00,2026-04-20 10:56:00+00:00,alimentacion,,KPCL0034,candidato_auto,2026-06-26T04:38:27.011532+00:00
34,66,2026-04-20 15:51:00+00:00,2026-04-20 15:56:00+00:00,alimentacion,,KPCL0034,candidato_auto,2026-06-26T04:38:41.025560+00:00
35,68,2026-04-21 00:18:00+00:00,2026-04-21 00:23:00+00:00,alimentacion,,KPCL0034,candidato_auto,2026-06-26T04:39:12.259251+00:00
36,70,2026-04-21 13:38:00+00:00,2026-04-21 13:41:00+00:00,alimentacion,,KPCL0034,candidato_auto,2026-06-26T04:39:35.743967+00:00
37,72,2026-04-21 22:34:00+00:00,2026-04-21 22:43:00+00:00,ruido,,KPCL0034,candidato_auto,2026-06-26T04:40:15.271300+00:00
38,74,2026-04-22 07:25:00+00:00,2026-04-22 07:32:00+00:00,alimentacion,,KPCL0034,candidato_auto,2026-06-26T04:41:09.032667+00:00
39,76,2026-04-22 15:20:00+00:00,2026-04-22 15:25:00+00:00,alimentacion,,KPCL0034,candidato_auto,2026-06-26T04:41:25.312896+00:00
41,80,2026-04-23 13:14:00+00:00,2026-04-23 13:20:00+00:00,alimentacion,,KPCL0034,candidato_auto,2026-06-26T04:42:43.627211+00:00
42,82,2026-04-23 16:24:00+00:00,2026-04-23 16:30:00+00:00,alimentacion,,KPCL0034,candidato_auto,2026-06-26T04:42:59.449098+00:00
43,84,2026-04-24 01:50:00+00:00,2026-04-24 01:56:00+00:00,alimentacion,,KPCL0034,candidato_auto,2026-06-26T04:43:12.816516+00:00
44,86,2026-04-24 17:53:00+00:00,2026-04-24 17:54:00+00:00,servido,,KPCL0034,candidato_auto,2026-06-26T04:43:32.764808+00:00
46,90,2026-04-25 09:46:00+00:00,2026-04-25 09:53:00+00:00,alimentacion,,KPCL0034,candidato_auto,2026-06-26T04:44:05.006535+00:00
47,92,2026-04-25 20:38:00+00:00,2026-04-25 20:44:00+00:00,alimentacion,,KPCL0034,candidato_auto,2026-06-26T04:44:16.921754+00:00
48,94,2026-04-26 02:40:00+00:00,2026-04-26 02:42:00+00:00,servido,,KPCL0034,candidato_auto,2026-06-26T04:44:30.894108+00:00
49,96,2026-04-26 09:10:00+00:00,2026-04-26 09:15:00+00:00,alimentacion,,KPCL0034,candidato_auto,2026-06-26T04:44:45.931821+00:00
50,98,2026-04-26 18:09:00+00:00,2026-04-26 18:14:00+00:00,alimentacion,,KPCL0034,candidato_auto,2026-06-26T04:45:29.989680+00:00
51,100,2026-04-27 04:10:00+00:00,2026-04-27 04:22:00+00:00,ruido,,KPCL0034,candidato_auto,2026-06-26T04:45:53.608099+00:00
52,102,2026-04-27 10:25:00+00:00,2026-04-27 10:32:00+00:00,alimentacion,,KPCL0034,candidato_auto,2026-06-26T04:46:19.697604+00:00
53,104,2026-04-27 20:39:00+00:00,2026-04-27 20:45:00+00:00,alimentacion,,KPCL0034,candidato_auto,2026-06-26T04:46:54.011079+00:00
54,106,2026-04-28 09:46:00+00:00,2026-04-28 09:53:00+00:00,alimentacion,,KPCL0034,candidato_auto,2026-06-26T04:47:36.948082+00:00
55,108,2026-04-28 20:21:00+00:00,2026-04-28 20:29:00+00:00,alimentacion,,KPCL0034,candidato_auto,2026-06-26T04:47:57.301911+00:00
56,110,2026-04-28 23:54:00+00:00,2026-04-28 23:58:00+00:00,alimentacion,,KPCL0034,candidato_auto,2026-06-26T04:48:22.691117+00:00
57,112,2026-04-29 12:15:00+00:00,2026-04-29 12:21:00+00:00,alimentacion,,KPCL0034,candidato_auto,2026-06-26T04:50:12.372752+00:00
59,116,2026-04-30 10:05:00+00:00,2026-04-30 10:09:00+00:00,alimentacion,,KPCL0034,candidato_auto,2026-06-26T04:50:48.957965+00:00
60,118,2026-04-30 14:22:00+00:00,2026-04-30 14:24:00+00:00,servido,,KPCL0034,candidato_auto,2026-06-26T04:51:02.032412+00:00
61,120,2026-04-30 21:55:00+00:00,2026-04-30 22:00:00+00:00,alimentacion,,KPCL0034,candidato_auto,2026-06-26T04:51:40.060850+00:00
62,122,2026-05-01 02:31:00+00:00,2026-05-01 02:39:00+00:00,alimentacion,,KPCL0034,candidato_auto,2026-06-26T04:51:50.412882+00:00
63,124,2026-05-01 08:32:00+00:00,2026-05-01 08:37:00+00:00,alimentacion,,KPCL0034,candidato_auto,2026-06-26T04:52:15.163149+00:00
64,126,2026-05-01 11:55:00+00:00,2026-05-01 11:58:00+00:00,alimentacion,,KPCL0034,candidato_auto,2026-06-26T04:52:36.847070+00:00
65,128,2026-05-01 23:03:00+00:00,2026-05-01 23:10:00+00:00,alimentacion,,KPCL0034,candidato_auto,2026-06-26T04:52:56.360557+00:00
66,130,2026-05-02 10:12:00+00:00,2026-05-02 10:19:00+00:00,alimentacion,,KPCL0034,candidato_auto,2026-06-26T04:53:11.443304+00:00
67,132,2026-05-02 18:34:00+00:00,2026-05-02 18:36:00+00:00,servido,,KPCL0034,candidato_auto,2026-06-26T04:53:38.612586+00:00
68,134,2026-05-03 02:11:00+00:00,2026-05-03 02:18:00+00:00,alimentacion,,KPCL0034,candidato_auto,2026-06-26T04:53:53.521946+00:00
69,136,2026-05-03 13:35:00+00:00,2026-05-03 13:41:00+00:00,alimentacion,,KPCL0034,candidato_auto,2026-06-26T04:54:04.997127+00:00
70,138,2026-05-03 20:10:00+00:00,2026-05-03 20:17:00+00:00,alimentacion,,KPCL0034,candidato_auto,2026-06-26T04:54:26.934360+00:00
71,140,2026-05-04 00:42:00+00:00,2026-05-04 00:55:00+00:00,ruido,,KPCL0034,candidato_auto,2026-06-26T04:54:39.155539+00:00
73,144,2026-05-04 12:46:00+00:00,2026-05-04 13:03:00+00:00,ruido,,KPCL0034,candidato_auto,2026-06-26T04:55:07.997911+00:00
74,146,2026-05-04 17:51:00+00:00,2026-05-04 18:06:00+00:00,ruido,,KPCL0034,candidato_auto,2026-06-26T04:55:24.761694+00:00
75,148,2026-05-05 02:26:00+00:00,2026-05-05 02:32:00+00:00,alimentacion,,KPCL0034,candidato_auto,2026-06-26T04:55:37.845691+00:00
76,150,2026-05-05 14:39:00+00:00,2026-05-05 14:46:00+00:00,alimentacion,,KPCL0034,candidato_auto,2026-06-26T04:55:50.633223+00:00
77,152,2026-05-05 22:27:00+00:00,2026-05-05 22:43:00+00:00,ruido,,KPCL0034,candidato_auto,2026-06-26T04:55:56.381836+00:00
78,154,2026-05-06 00:48:00+00:00,2026-05-06 00:59:00+00:00,ruido,,KPCL0034,candidato_auto,2026-06-26T04:56:01.743443+00:00
79,156,2026-05-06 09:21:00+00:00,2026-05-06 09:26:00+00:00,alimentacion,,KPCL0034,candidato_auto,2026-06-26T04:56:26.245815+00:00
80,158,2026-05-06 15:34:00+00:00,2026-05-06 15:42:00+00:00,alimentacion,,KPCL0034,candidato_auto,2026-06-26T04:56:39.955922+00:00
81,160,2026-05-25 06:32:00+00:00,2026-05-25 06:34:00+00:00,servido,,KPCL0034,candidato_auto,2026-06-26T04:57:19.576685+00:00
82,162,2026-05-25 15:15:00+00:00,2026-05-25 15:21:00+00:00,alimentacion,,KPCL0034,candidato_auto,2026-06-26T04:57:32.012334+00:00
83,164,2026-05-25 23:05:00+00:00,2026-05-25 23:11:00+00:00,alimentacion,,KPCL0034,candidato_auto,2026-06-26T04:57:42.447875+00:00
84,166,2026-05-26 07:17:00+00:00,2026-05-26 07:23:00+00:00,alimentacion,,KPCL0034,candidato_auto,2026-06-26T04:58:09.247527+00:00
85,3,2026-04-08 20:46:00+00:00,2026-04-08 20:52:00+00:00,alimentacion,,KPCL0034,candidato_auto,2026-06-26T05:07:22.858779+00:00
86,7,2026-04-09 08:40:00+00:00,2026-04-09 08:49:00+00:00,alimentacion,,KPCL0034,candidato_auto,2026-06-26T05:07:45.381348+00:00
87,11,2026-04-09 22:32:00+00:00,2026-04-09 22:37:00+00:00,ruido,,KPCL0034,candidato_auto,2026-06-26T05:07:52.338214+00:00
89,19,2026-04-10 15:15:00+00:00,2026-04-10 15:20:00+00:00,alimentacion,,KPCL0034,candidato_auto,2026-06-26T05:08:36.862456+00:00
90,23,2026-04-11 12:49:00+00:00,2026-04-11 12:54:00+00:00,alimentacion,,KPCL0034,candidato_auto,2026-06-26T05:08:49.636766+00:00
92,31,2026-04-12 15:47:00+00:00,2026-04-12 15:58:00+00:00,ruido,,KPCL0034,candidato_auto,2026-06-26T05:11:10.496550+00:00
93,35,2026-04-13 10:41:00+00:00,2026-04-13 10:52:00+00:00,ruido,,KPCL0034,candidato_auto,2026-06-26T05:11:15.794893+00:00
94,39,2026-04-13 16:47:00+00:00,2026-04-13 16:58:00+00:00,ruido,,KPCL0034,candidato_auto,2026-06-26T05:11:31.677353+00:00
95,43,2026-04-14 06:26:00+00:00,2026-04-14 06:32:00+00:00,alimentacion,,KPCL0034,candidato_auto,2026-06-26T05:12:02.169965+00:00
96,47,2026-04-15 00:48:00+00:00,2026-04-15 00:52:00+00:00,alimentacion,,KPCL0034,candidato_auto,2026-06-26T05:12:24.381389+00:00
97,51,2026-04-15 20:42:00+00:00,2026-04-15 20:53:00+00:00,ruido,,KPCL0034,candidato_auto,2026-06-26T05:12:30.406560+00:00
98,55,2026-04-19 01:26:00+00:00,2026-04-19 01:32:00+00:00,alimentacion,,KPCL0034,candidato_auto,2026-06-26T05:12:46.276332+00:00
99,59,2026-04-19 16:48:00+00:00,2026-04-19 16:50:00+00:00,servido,,KPCL0034,candidato_auto,2026-06-26T05:13:15.867412+00:00
100,63,2026-04-20 04:17:00+00:00,2026-04-20 04:20:00+00:00,alimentacion,,KPCL0034,candidato_auto,2026-06-26T05:13:43.650397+00:00
101,67,2026-04-20 21:15:00+00:00,2026-04-20 21:22:00+00:00,alimentacion,,KPCL0034,candidato_auto,2026-06-26T05:14:11.044795+00:00
102,71,2026-04-21 14:03:00+00:00,2026-04-21 14:05:00+00:00,servido,,KPCL0034,candidato_auto,2026-06-26T05:15:01.734033+00:00
104,79,2026-04-23 08:59:00+00:00,2026-04-23 09:03:00+00:00,alimentacion,,KPCL0034,candidato_auto,2026-06-26T05:15:37.978130+00:00
105,83,2026-04-23 22:24:00+00:00,2026-04-23 22:30:00+00:00,alimentacion,,KPCL0034,candidato_auto,2026-06-26T05:15:54.805613+00:00
106,87,2026-04-24 18:19:00+00:00,2026-04-24 18:28:00+00:00,alimentacion,,KPCL0034,candidato_auto,2026-06-26T05:16:16.162499+00:00
107,91,2026-04-25 16:22:00+00:00,2026-04-25 16:29:00+00:00,alimentacion,,KPCL0034,candidato_auto,2026-06-26T05:16:42.271236+00:00
109,99,2026-04-26 22:19:00+00:00,2026-04-26 22:26:00+00:00,alimentacion,,KPCL0034,candidato_auto,2026-06-26T05:17:15.016320+00:00
110,103,2026-04-27 14:35:00+00:00,2026-04-27 14:39:00+00:00,alimentacion,,KPCL0034,candidato_auto,2026-06-26T05:17:27.755734+00:00
111,107,2026-04-28 12:35:00+00:00,2026-04-28 12:41:00+00:00,alimentacion,,KPCL0034,candidato_auto,2026-06-26T05:17:51.073920+00:00
112,111,2026-04-29 08:01:00+00:00,2026-04-29 08:09:00+00:00,alimentacion,,KPCL0034,candidato_auto,2026-06-26T05:18:05.208359+00:00
113,115,2026-04-30 01:27:00+00:00,2026-04-30 01:34:00+00:00,alimentacion,,KPCL0034,candidato_auto,2026-06-26T05:18:20.889248+00:00
115,123,2026-05-01 07:37:00+00:00,2026-05-01 07:48:00+00:00,ruido,,KPCL0034,candidato_auto,2026-06-26T05:18:53.008133+00:00
117,131,2026-05-02 13:58:00+00:00,2026-05-02 14:04:00+00:00,alimentacion,,KPCL0034,candidato_auto,2026-06-26T05:19:33.728868+00:00
118,135,2026-05-03 09:35:00+00:00,2026-05-03 09:43:00+00:00,alimentacion,,KPCL0034,candidato_auto,2026-06-26T05:19:44.477426+00:00
119,139,2026-05-03 21:08:00+00:00,2026-05-03 21:19:00+00:00,ruido,,KPCL0034,candidato_auto,2026-06-26T05:19:49.401839+00:00
120,143,2026-05-04 10:30:00+00:00,2026-05-04 10:48:00+00:00,ruido,,KPCL0034,candidato_auto,2026-06-26T05:20:01.147134+00:00
121,147,2026-05-04 23:22:00+00:00,2026-05-04 23:29:00+00:00,alimentacion,,KPCL0034,candidato_auto,2026-06-26T05:20:40.830739+00:00
122,151,2026-05-05 20:14:00+00:00,2026-05-05 20:27:00+00:00,ruido,,KPCL0034,candidato_auto,2026-06-26T05:20:49.935156+00:00
125,163,2026-05-25 21:02:00+00:00,2026-05-25 21:08:00+00:00,alimentacion,,KPCL0034,candidato_auto,2026-06-26T05:22:03.157760+00:00
126,167,2026-05-26 07:48:00+00:00,2026-05-26 07:56:00+00:00,alimentacion,,KPCL0034,candidato_auto,2026-06-26T05:22:29.580334+00:00
127,169,2026-05-26 11:36:00+00:00,2026-05-26 11:48:00+00:00,ruido,,KPCL0034,candidato_auto,2026-06-26T05:22:53.049973+00:00
128,171,2026-05-26 18:36:00+00:00,2026-05-26 18:48:00+00:00,ruido,,KPCL0034,candidato_auto,2026-06-26T05:22:57.642095+00:00
129,173,2026-05-26 22:26:00+00:00,2026-05-26 22:38:00+00:00,ruido,,KPCL0034,candidato_auto,2026-06-26T05:23:02.203044+00:00
130,175,2026-05-27 09:28:00+00:00,2026-05-27 09:35:00+00:00,alimentacion,,KPCL0034,candidato_auto,2026-06-26T05:23:26.419527+00:00
131,177,2026-05-27 13:43:00+00:00,2026-05-27 13:50:00+00:00,alimentacion,,KPCL0034,candidato_auto,2026-06-26T05:23:40.997622+00:00
132,179,2026-05-27 19:49:00+00:00,2026-05-27 19:57:00+00:00,alimentacion,,KPCL0034,candidato_auto,2026-06-26T05:24:03.516711+00:00
133,181,2026-05-28 05:01:00+00:00,2026-05-28 05:11:00+00:00,alimentacion,,KPCL0034,candidato_auto,2026-06-26T05:24:21.482453+00:00
134,183,2026-05-28 11:37:00+00:00,2026-05-28 11:48:00+00:00,ruido,,KPCL0034,candidato_auto,2026-06-26T05:24:31.311276+00:00
135,185,2026-05-28 13:28:00+00:00,2026-05-28 13:30:00+00:00,servido,,KPCL0034,candidato_auto,2026-06-26T05:24:51.131534+00:00
136,187,2026-05-28 14:44:00+00:00,2026-05-28 14:55:00+00:00,ruido,,KPCL0034,candidato_auto,2026-06-26T05:24:57.322444+00:00
137,189,2026-05-28 23:41:00+00:00,2026-05-28 23:48:00+00:00,alimentacion,,KPCL0034,candidato_auto,2026-06-26T05:25:10.946950+00:00
138,191,2026-05-29 02:01:00+00:00,2026-05-29 02:05:00+00:00,ruido,,KPCL0034,candidato_auto,2026-06-26T05:25:14.810400+00:00
139,193,2026-05-29 03:40:00+00:00,2026-05-29 03:47:00+00:00,alimentacion,,KPCL0034,candidato_auto,2026-06-26T05:25:27.417960+00:00
140,195,2026-05-29 09:40:00+00:00,2026-05-29 09:47:00+00:00,alimentacion,,KPCL0034,candidato_auto,2026-06-26T05:25:41.776968+00:00
141,197,2026-05-30 00:41:00+00:00,2026-05-30 00:48:00+00:00,servido,,KPCL0034,candidato_auto,2026-06-26T05:26:12.705249+00:00
142,199,2026-05-30 04:02:00+00:00,2026-05-30 04:19:00+00:00,ruido,,KPCL0034,candidato_auto,2026-06-26T05:26:20.903847+00:00
143,201,2026-05-30 09:11:00+00:00,2026-05-30 09:19:00+00:00,alimentacion,,KPCL0034,candidato_auto,2026-06-26T05:26:35.721859+00:00
144,203,2026-05-30 11:19:00+00:00,2026-05-30 11:33:00+00:00,ruido,,KPCL0034,candidato_auto,2026-06-26T05:26:39.872477+00:00
145,205,2026-05-30 16:25:00+00:00,2026-05-30 16:29:00+00:00,alimentacion,,KPCL0034,candidato_auto,2026-06-26T05:27:03.456074+00:00
146,207,2026-05-30 22:10:00+00:00,2026-05-30 22:22:00+00:00,ruido,,KPCL0034,candidato_auto,2026-06-26T05:27:07.760572+00:00
147,209,2026-05-31 07:47:00+00:00,2026-05-31 07:53:00+00:00,alimentacion,,KPCL0034,candidato_auto,2026-06-26T05:27:29.311962+00:00
148,211,2026-05-31 08:34:00+00:00,2026-05-31 08:46:00+00:00,ruido,,KPCL0034,candidato_auto,2026-06-26T05:27:32.974828+00:00
149,213,2026-05-31 14:40:00+00:00,2026-05-31 14:42:00+00:00,servido,,KPCL0034,candidato_auto,2026-06-26T05:28:10.386909+00:00
150,215,2026-05-31 21:37:00+00:00,2026-05-31 21:49:00+00:00,alimentacion,,KPCL0034,candidato_auto,2026-06-26T05:28:39.343361+00:00
151,217,2026-06-01 08:26:00+00:00,2026-06-01 08:39:00+00:00,ruido,,KPCL0034,candidato_auto,2026-06-26T05:28:43.598600+00:00
152,219,2026-06-01 09:50:00+00:00,2026-06-01 09:58:00+00:00,alimentacion,,KPCL0034,candidato_auto,2026-06-26T05:28:59.901032+00:00
153,221,2026-06-01 14:44:00+00:00,2026-06-01 14:53:00+00:00,alimentacion,,KPCL0034,candidato_auto,2026-06-26T05:29:15.323344+00:00
154,223,2026-06-01 16:13:00+00:00,2026-06-01 16:25:00+00:00,ruido,,KPCL0034,candidato_auto,2026-06-26T05:29:23.809405+00:00
155,225,2026-06-01 17:02:00+00:00,2026-06-01 17:09:00+00:00,alimentacion,,KPCL0034,candidato_auto,2026-06-26T05:29:41.967802+00:00
156,227,2026-06-01 21:16:00+00:00,2026-06-01 21:27:00+00:00,ruido,,KPCL0034,candidato_auto,2026-06-26T05:29:45.676517+00:00
157,229,2026-06-01 23:15:00+00:00,2026-06-01 23:24:00+00:00,alimentacion,,KPCL0034,candidato_auto,2026-06-26T05:30:08.529766+00:00
158,231,2026-06-02 01:05:00+00:00,2026-06-02 01:11:00+00:00,ruido,,KPCL0034,candidato_auto,2026-06-26T05:30:12.573984+00:00
160,235,2026-06-02 12:36:00+00:00,2026-06-02 12:38:00+00:00,servido,,KPCL0034,candidato_auto,2026-06-26T05:32:08.812645+00:00
161,237,2026-06-02 17:41:00+00:00,2026-06-02 17:52:00+00:00,ruido,,KPCL0034,candidato_auto,2026-06-26T05:32:19.036404+00:00
164,243,2026-06-03 01:39:00+00:00,2026-06-03 01:51:00+00:00,ruido,,KPCL0034,candidato_auto,2026-06-26T05:32:51.641413+00:00
165,245,2026-06-03 09:54:00+00:00,2026-06-03 10:07:00+00:00,ruido,,KPCL0034,candidato_auto,2026-06-26T05:32:59.644623+00:00
166,247,2026-06-03 17:43:00+00:00,2026-06-03 17:55:00+00:00,ruido,,KPCL0034,candidato_auto,2026-06-26T05:33:10.972876+00:00
167,249,2026-06-04 00:28:00+00:00,2026-06-04 00:39:00+00:00,ruido,,KPCL0034,candidato_auto,2026-06-26T05:33:18.595641+00:00
168,251,2026-06-04 01:42:00+00:00,2026-06-04 01:58:00+00:00,ruido,,KPCL0034,candidato_auto,2026-06-26T05:33:32.768313+00:00
169,253,2026-06-04 09:15:00+00:00,2026-06-04 09:33:00+00:00,ruido,,KPCL0034,candidato_auto,2026-06-26T05:33:38.162961+00:00
170,255,2026-06-04 14:13:00+00:00,2026-06-04 14:24:00+00:00,ruido,,KPCL0034,candidato_auto,2026-06-26T05:33:41.729716+00:00
171,257,2026-06-04 15:44:00+00:00,2026-06-04 15:57:00+00:00,ruido,,KPCL0034,candidato_auto,2026-06-26T05:33:46.202546+00:00
172,259,2026-06-04 16:20:00+00:00,2026-06-04 16:25:00+00:00,ruido,,KPCL0034,candidato_auto,2026-06-26T05:33:57.064628+00:00
173,261,2026-06-04 18:49:00+00:00,2026-06-04 19:00:00+00:00,ruido,,KPCL0034,candidato_auto,2026-06-26T05:34:02.974015+00:00
174,263,2026-06-04 23:12:00+00:00,2026-06-04 23:24:00+00:00,ruido,,KPCL0034,candidato_auto,2026-06-26T05:34:14.785965+00:00
175,265,2026-06-05 01:34:00+00:00,2026-06-05 01:46:00+00:00,ruido,,KPCL0034,candidato_auto,2026-06-26T05:34:19.971007+00:00
176,267,2026-06-05 02:41:00+00:00,2026-06-05 02:53:00+00:00,ruido,,KPCL0034,candidato_auto,2026-06-26T05:34:26.195675+00:00
177,269,2026-06-05 14:33:00+00:00,2026-06-05 14:44:00+00:00,ruido,,KPCL0034,candidato_auto,2026-06-26T05:34:30.340470+00:00
178,271,2026-06-05 15:29:00+00:00,2026-06-05 15:40:00+00:00,ruido,,KPCL0034,candidato_auto,2026-06-26T05:34:37.111522+00:00
179,273,2026-06-05 16:49:00+00:00,2026-06-05 17:00:00+00:00,ruido,,KPCL0034,candidato_auto,2026-06-26T05:34:49.668286+00:00
180,275,2026-06-05 19:50:00+00:00,2026-06-05 19:57:00+00:00,ruido,,KPCL0034,candidato_auto,2026-06-26T05:34:56.770061+00:00
181,277,2026-06-05 20:15:00+00:00,2026-06-05 20:22:00+00:00,alimentacion,,KPCL0034,candidato_auto,2026-06-26T05:35:14.552927+00:00
182,279,2026-06-05 21:07:00+00:00,2026-06-05 21:18:00+00:00,ruido,,KPCL0034,candidato_auto,2026-06-26T05:35:18.244755+00:00
183,281,2026-06-05 23:38:00+00:00,2026-06-05 23:52:00+00:00,ruido,,KPCL0034,candidato_auto,2026-06-26T05:35:27.959106+00:00
184,283,2026-06-06 11:49:00+00:00,2026-06-06 11:56:00+00:00,alimentacion,,KPCL0034,candidato_auto,2026-06-26T05:35:45.717008+00:00
185,285,2026-06-06 20:22:00+00:00,2026-06-06 20:27:00+00:00,ruido,,KPCL0034,candidato_auto,2026-06-26T05:35:50.199664+00:00
186,5,2026-04-09 02:26:00+00:00,2026-04-09 02:42:00+00:00,ruido,,KPCL0034,candidato_auto,2026-06-26T05:47:09.019278+00:00
187,13,2026-04-09 23:28:00+00:00,2026-04-09 23:36:00+00:00,alimentacion,,KPCL0034,candidato_auto,2026-06-26T05:47:36.590063+00:00
188,21,2026-04-10 23:05:00+00:00,2026-04-10 23:07:00+00:00,servido,,KPCL0034,candidato_auto,2026-06-26T05:47:57.665670+00:00
189,29,2026-04-12 11:49:00+00:00,2026-04-12 11:56:00+00:00,alimentacion,,KPCL0034,candidato_auto,2026-06-26T05:48:14.077687+00:00
190,37,2026-04-13 13:13:00+00:00,2026-04-13 13:24:00+00:00,ruido,,KPCL0034,candidato_auto,2026-06-26T05:48:19.270118+00:00
191,45,2026-04-14 17:14:00+00:00,2026-04-14 17:19:00+00:00,alimentacion,,KPCL0034,candidato_auto,2026-06-26T05:48:44.306603+00:00
192,9,2026-04-09 13:57:00+00:00,2026-04-09 13:58:00+00:00,servido,,KPCL0034,candidato_auto,2026-06-26T05:59:59.347523+00:00
193,25,2026-04-11 21:47:00+00:00,2026-04-11 21:54:00+00:00,alimentacion,,KPCL0034,candidato_auto,2026-06-26T06:00:39.616064+00:00
194,41,2026-04-13 23:44:00+00:00,2026-04-13 23:56:00+00:00,ruido,,KPCL0034,candidato_auto,2026-06-26T06:00:45.243899+00:00
195,53,2026-04-16 10:01:00+00:00,2026-04-16 10:11:00+00:00,alimentacion,,KPCL0034,candidato_auto,2026-06-26T06:01:07.745876+00:00
196,61,2026-04-20 00:29:00+00:00,2026-04-20 00:33:00+00:00,alimentacion,,KPCL0034,candidato_auto,2026-06-26T06:01:35.378238+00:00
197,69,2026-04-21 09:02:00+00:00,2026-04-21 09:07:00+00:00,alimentacion,,KPCL0034,candidato_auto,2026-06-26T06:01:59.334988+00:00
199,33,2026-04-12 21:52:00+00:00,2026-04-12 22:04:00+00:00,alimentacion,,KPCL0034,candidato_auto,2026-06-26T06:13:02.861449+00:00
200,57,2026-04-19 09:44:00+00:00,2026-04-19 09:49:00+00:00,alimentacion,,KPCL0034,candidato_auto,2026-06-26T06:13:27.822480+00:00
201,73,2026-04-22 02:43:00+00:00,2026-04-22 02:47:00+00:00,alimentacion,,KPCL0034,candidato_auto,2026-06-26T06:13:40.960485+00:00
202,81,2026-04-23 14:16:00+00:00,2026-04-23 14:17:00+00:00,servido,,KPCL0034,candidato_auto,2026-06-26T06:14:02.722391+00:00
203,89,2026-04-25 07:27:00+00:00,2026-04-25 07:33:00+00:00,alimentacion,,KPCL0034,candidato_auto,2026-06-26T06:14:51.749019+00:00
204,97,2026-04-26 13:12:00+00:00,2026-04-26 13:18:00+00:00,alimentacion,,KPCL0034,candidato_auto,2026-06-26T06:15:06.966259+00:00
205,105,2026-04-28 00:15:00+00:00,2026-04-28 00:20:00+00:00,alimentacion,,KPCL0034,candidato_auto,2026-06-26T06:15:25.428276+00:00
206,113,2026-04-29 21:22:00+00:00,2026-04-29 21:32:00+00:00,alimentacion,,KPCL0034,candidato_auto,2026-06-26T06:15:55.294749+00:00
207,121,2026-05-01 01:02:00+00:00,2026-05-01 01:10:00+00:00,alimentacion,,KPCL0034,candidato_auto,2026-06-26T06:16:29.294390+00:00
208,129,2026-05-02 01:36:00+00:00,2026-05-02 01:41:00+00:00,alimentacion,,KPCL0034,candidato_auto,2026-06-26T06:17:01.022431+00:00
209,137,2026-05-03 18:42:00+00:00,2026-05-03 18:53:00+00:00,ruido,,KPCL0034,candidato_auto,2026-06-26T06:17:18.472556+00:00
210,145,2026-05-04 16:22:00+00:00,2026-05-04 16:37:00+00:00,ruido,,KPCL0034,candidato_auto,2026-06-26T06:17:24.680898+00:00
214,172,2026-05-26 21:34:00+00:00,2026-05-26 21:36:00+00:00,servido,,KPCL0034,candidato_auto,2026-06-26T06:18:16.533913+00:00
215,176,2026-05-27 13:10:00+00:00,2026-05-27 13:15:00+00:00,ruido,,KPCL0034,candidato_auto,2026-06-26T06:18:27.212269+00:00
216,180,2026-05-27 23:57:00+00:00,2026-05-28 00:06:00+00:00,alimentacion,,KPCL0034,candidato_auto,2026-06-26T06:18:56.277020+00:00
217,184,2026-05-28 12:50:00+00:00,2026-05-28 13:05:00+00:00,ruido,,KPCL0034,candidato_auto,2026-06-26T06:19:14.633957+00:00
218,188,2026-05-28 18:09:00+00:00,2026-05-28 18:26:00+00:00,ruido,,KPCL0034,candidato_auto,2026-06-26T06:19:19.980682+00:00
219,192,2026-05-29 02:57:00+00:00,2026-05-29 03:01:00+00:00,ruido,,KPCL0034,candidato_auto,2026-06-26T06:19:24.456638+00:00
220,196,2026-05-29 14:02:00+00:00,2026-05-29 14:10:00+00:00,alimentacion,,KPCL0034,candidato_auto,2026-06-26T06:19:50.564322+00:00
221,200,2026-05-30 08:58:00+00:00,2026-05-30 09:04:00+00:00,ruido,,KPCL0034,candidato_auto,2026-06-26T06:19:55.434033+00:00
222,204,2026-05-30 11:58:00+00:00,2026-05-30 12:06:00+00:00,alimentacion,,KPCL0034,candidato_auto,2026-06-26T06:20:18.198536+00:00
223,208,2026-05-31 01:56:00+00:00,2026-05-31 02:02:00+00:00,alimentacion,,KPCL0034,candidato_auto,2026-06-26T06:20:50.727799+00:00
224,212,2026-05-31 12:29:00+00:00,2026-05-31 12:35:00+00:00,ruido,,KPCL0034,candidato_auto,2026-06-26T06:20:55.193649+00:00
225,216,2026-05-31 23:06:00+00:00,2026-05-31 23:27:00+00:00,ruido,,KPCL0034,candidato_auto,2026-06-26T06:21:07.448492+00:00
226,220,2026-06-01 14:22:00+00:00,2026-06-01 14:33:00+00:00,ruido,,KPCL0034,candidato_auto,2026-06-26T06:21:11.922595+00:00
227,224,2026-06-01 16:33:00+00:00,2026-06-01 16:44:00+00:00,ruido,,KPCL0034,candidato_auto,2026-06-26T06:21:18.372412+00:00
228,228,2026-06-01 21:29:00+00:00,2026-06-01 21:40:00+00:00,ruido,,KPCL0034,candidato_auto,2026-06-26T06:21:22.946184+00:00
229,232,2026-06-02 06:07:00+00:00,2026-06-02 06:18:00+00:00,ruido,,KPCL0034,candidato_auto,2026-06-26T06:21:28.691416+00:00
230,236,2026-06-02 14:53:00+00:00,2026-06-02 15:00:00+00:00,alimentacion,,KPCL0034,candidato_auto,2026-06-26T06:22:33.808450+00:00
231,240,2026-06-02 21:04:00+00:00,2026-06-02 21:22:00+00:00,ruido,,KPCL0034,candidato_auto,2026-06-26T06:22:51.420666+00:00
232,244,2026-06-03 03:32:00+00:00,2026-06-03 03:39:00+00:00,ruido,,KPCL0034,candidato_auto,2026-06-26T06:22:55.703219+00:00
233,248,2026-06-03 21:09:00+00:00,2026-06-03 21:16:00+00:00,alimentacion,,KPCL0034,candidato_auto,2026-06-26T06:23:25.753536+00:00
234,252,2026-06-04 05:13:00+00:00,2026-06-04 05:18:00+00:00,ruido,,KPCL0034,candidato_auto,2026-06-26T06:23:31.752219+00:00
235,256,2026-06-04 14:36:00+00:00,2026-06-04 14:59:00+00:00,ruido,,KPCL0034,candidato_auto,2026-06-26T06:23:37.327006+00:00
237,264,2026-06-04 23:27:00+00:00,2026-06-04 23:38:00+00:00,ruido,,KPCL0034,candidato_auto,2026-06-26T06:24:08.927909+00:00
238,268,2026-06-05 10:27:00+00:00,2026-06-05 10:40:00+00:00,ruido,,KPCL0034,candidato_auto,2026-06-26T06:24:28.179028+00:00
239,272,2026-06-05 16:40:00+00:00,2026-06-05 16:46:00+00:00,ruido,,KPCL0034,candidato_auto,2026-06-26T06:24:38.207707+00:00
240,276,2026-06-05 20:00:00+00:00,2026-06-05 20:12:00+00:00,ruido,,KPCL0034,candidato_auto,2026-06-26T06:24:46.061211+00:00
241,280,2026-06-05 23:14:00+00:00,2026-06-05 23:31:00+00:00,ruido,,KPCL0034,candidato_auto,2026-06-26T06:24:51.198198+00:00
242,284,2026-06-06 18:06:00+00:00,2026-06-06 18:11:00+00:00,alimentacion,,KPCL0034,candidato_auto,2026-06-26T06:25:19.427257+00:00
243,287,2026-06-07 00:25:00+00:00,2026-06-07 00:29:00+00:00,alimentacion,,KPCL0034,candidato_auto,2026-06-26T06:25:35.464579+00:00
244,289,2026-06-07 04:08:00+00:00,2026-06-07 04:19:00+00:00,ruido,,KPCL0034,candidato_auto,2026-06-26T06:25:40.397547+00:00
245,291,2026-06-07 14:56:00+00:00,2026-06-07 15:04:00+00:00,alimentacion,,KPCL0034,candidato_auto,2026-06-26T06:26:07.226048+00:00
246,293,2026-06-07 19:50:00+00:00,2026-06-07 19:58:00+00:00,alimentacion,,KPCL0034,candidato_auto,2026-06-26T06:26:29.679781+00:00
247,295,2026-06-08 05:38:00+00:00,2026-06-08 05:49:00+00:00,ruido,,KPCL0034,candidato_auto,2026-06-26T06:26:33.778601+00:00
248,297,2026-06-08 13:17:00+00:00,2026-06-08 14:00:00+00:00,ruido,,KPCL0034,candidato_auto,2026-06-26T06:26:40.342726+00:00
249,299,2026-06-08 21:20:00+00:00,2026-06-08 21:26:00+00:00,alimentacion,,KPCL0034,candidato_auto,2026-06-26T06:27:04.290839+00:00
250,301,2026-06-09 08:31:00+00:00,2026-06-09 08:39:00+00:00,alimentacion,,KPCL0034,candidato_auto,2026-06-26T06:27:36.151603+00:00
251,303,2026-06-09 13:19:00+00:00,2026-06-09 13:24:00+00:00,alimentacion,,KPCL0034,candidato_auto,2026-06-26T06:27:59.677541+00:00
252,305,2026-06-09 18:51:00+00:00,2026-06-09 18:57:00+00:00,ruido,,KPCL0034,candidato_auto,2026-06-26T06:28:03.973651+00:00
253,307,2026-06-10 01:14:00+00:00,2026-06-10 01:32:00+00:00,ruido,,KPCL0034,candidato_auto,2026-06-26T06:28:20.018402+00:00
254,309,2026-06-10 09:15:00+00:00,2026-06-10 09:20:00+00:00,alimentacion,,KPCL0034,candidato_auto,2026-06-26T06:28:37.813978+00:00
255,311,2026-06-10 14:18:00+00:00,2026-06-10 14:23:00+00:00,alimentacion,,KPCL0034,candidato_auto,2026-06-26T06:29:03.903854+00:00
257,315,2026-06-10 22:00:00+00:00,2026-06-10 22:16:00+00:00,ruido,,KPCL0034,candidato_auto,2026-06-26T06:29:43.429393+00:00
258,317,2026-06-11 09:42:00+00:00,2026-06-11 09:58:00+00:00,ruido,,KPCL0034,candidato_auto,2026-06-26T06:29:50.659258+00:00
259,319,2026-06-11 14:48:00+00:00,2026-06-11 15:02:00+00:00,ruido,,KPCL0034,candidato_auto,2026-06-26T06:29:59.798160+00:00
260,321,2026-06-11 22:24:00+00:00,2026-06-11 22:33:00+00:00,alimentacion,,KPCL0034,candidato_auto,2026-06-26T06:30:19.481669+00:00
262,325,2026-06-12 17:20:00+00:00,2026-06-12 17:29:00+00:00,alimentacion,,KPCL0034,candidato_auto,2026-06-26T06:30:57.033838+00:00
263,327,2026-06-13 00:23:00+00:00,2026-06-13 00:48:00+00:00,ruido,,KPCL0034,candidato_auto,2026-06-26T06:31:04.666621+00:00
264,329,2026-06-13 10:37:00+00:00,2026-06-13 10:48:00+00:00,ruido,,KPCL0034,candidato_auto,2026-06-26T06:31:08.950467+00:00
265,331,2026-06-13 23:54:00+00:00,2026-06-14 00:00:00+00:00,ruido,,KPCL0034,candidato_auto,2026-06-26T06:31:13.753648+00:00
266,333,2026-06-14 17:49:00+00:00,2026-06-14 18:00:00+00:00,ruido,,KPCL0034,candidato_auto,2026-06-26T06:31:19.277059+00:00
267,335,2026-06-14 21:40:00+00:00,2026-06-14 21:51:00+00:00,ruido,,KPCL0034,candidato_auto,2026-06-26T06:31:23.455895+00:00
268,337,2026-06-15 01:38:00+00:00,2026-06-15 01:43:00+00:00,ruido,,KPCL0034,candidato_auto,2026-06-26T06:31:28.638600+00:00
269,339,2026-06-15 02:47:00+00:00,2026-06-15 02:58:00+00:00,ruido,,KPCL0034,candidato_auto,2026-06-26T06:31:33.931034+00:00
270,341,2026-06-15 04:55:00+00:00,2026-06-15 04:57:00+00:00,servido,,KPCL0034,candidato_auto,2026-06-26T06:31:56.262950+00:00
271,49,2026-04-15 10:45:00+00:00,2026-04-15 10:49:00+00:00,alimentacion,,KPCL0034,candidato_auto,2026-06-26T06:37:28.212727+00:00
272,77,2026-04-22 21:51:00+00:00,2026-04-22 22:02:00+00:00,ruido,,KPCL0034,candidato_auto,2026-06-26T06:37:39.645489+00:00
273,93,2026-04-25 23:47:00+00:00,2026-04-25 23:53:00+00:00,alimentacion,,KPCL0034,candidato_auto,2026-06-26T06:38:05.147480+00:00
274,109,2026-04-28 21:02:00+00:00,2026-04-28 21:04:00+00:00,servido,,KPCL0034,candidato_auto,2026-06-26T06:38:27.277612+00:00
275,125,2026-05-01 11:24:00+00:00,2026-05-01 11:25:00+00:00,servido,,KPCL0034,candidato_auto,2026-06-26T06:38:49.266209+00:00
276,141,2026-05-04 01:42:00+00:00,2026-05-04 01:44:00+00:00,servido,,KPCL0034,candidato_auto,2026-06-26T06:39:18.461653+00:00
277,157,2026-05-06 15:00:00+00:00,2026-05-06 15:01:00+00:00,servido,,KPCL0034,candidato_auto,2026-06-26T06:39:49.206322+00:00
278,170,2026-05-26 16:09:00+00:00,2026-05-26 16:14:00+00:00,alimentacion,,KPCL0034,candidato_auto,2026-06-26T06:40:11.530679+00:00
279,178,2026-05-27 15:10:00+00:00,2026-05-27 15:21:00+00:00,ruido,,KPCL0034,candidato_auto,2026-06-26T06:40:18.756904+00:00
280,186,2026-05-28 14:22:00+00:00,2026-05-28 14:34:00+00:00,ruido,,KPCL0034,candidato_auto,2026-06-26T06:40:23.684538+00:00
281,194,2026-05-29 09:11:00+00:00,2026-05-29 09:18:00+00:00,ruido,,KPCL0034,candidato_auto,2026-06-26T06:40:27.593984+00:00
282,202,2026-05-30 10:27:00+00:00,2026-05-30 10:39:00+00:00,ruido,,KPCL0034,candidato_auto,2026-06-26T06:41:02.658923+00:00
283,210,2026-05-31 08:20:00+00:00,2026-05-31 08:26:00+00:00,ruido,,KPCL0034,candidato_auto,2026-06-26T06:41:07.077438+00:00
284,218,2026-06-01 09:13:00+00:00,2026-06-01 09:35:00+00:00,ruido,,KPCL0034,candidato_auto,2026-06-26T06:41:11.104179+00:00
285,226,2026-06-01 17:44:00+00:00,2026-06-01 17:46:00+00:00,servido,,KPCL0034,candidato_auto,2026-06-26T06:41:39.981511+00:00
286,234,2026-06-02 11:44:00+00:00,2026-06-02 11:50:00+00:00,ruido,,KPCL0034,candidato_auto,2026-06-26T06:41:45.073114+00:00
287,242,2026-06-03 01:15:00+00:00,2026-06-03 01:27:00+00:00,ruido,,KPCL0034,candidato_auto,2026-06-26T06:41:51.086755+00:00
288,250,2026-06-04 00:47:00+00:00,2026-06-04 00:55:00+00:00,alimentacion,,KPCL0034,candidato_auto,2026-06-26T06:42:08.812053+00:00
289,258,2026-06-04 15:59:00+00:00,2026-06-04 16:17:00+00:00,ruido,,KPCL0034,candidato_auto,2026-06-26T06:42:58.549777+00:00
290,266,2026-06-05 02:31:00+00:00,2026-06-05 02:35:00+00:00,ruido,,KPCL0034,candidato_auto,2026-06-26T06:43:06.333736+00:00
291,274,2026-06-05 17:28:00+00:00,2026-06-05 17:32:00+00:00,ruido,,KPCL0034,candidato_auto,2026-06-26T06:43:14.327166+00:00
292,282,2026-06-06 10:06:00+00:00,2026-06-06 10:15:00+00:00,alimentacion,,KPCL0034,candidato_auto,2026-06-26T06:43:31.298192+00:00
293,288,2026-06-07 02:19:00+00:00,2026-06-07 02:21:00+00:00,servido,,KPCL0034,candidato_auto,2026-06-26T06:43:50.150634+00:00
294,292,2026-06-07 17:45:00+00:00,2026-06-07 17:46:00+00:00,servido,,KPCL0034,candidato_auto,2026-06-26T06:44:09.273665+00:00
295,296,2026-06-08 09:22:00+00:00,2026-06-08 09:31:00+00:00,alimentacion,,KPCL0034,candidato_auto,2026-06-26T06:44:21.700494+00:00
296,300,2026-06-09 00:27:00+00:00,2026-06-09 00:37:00+00:00,alimentacion,,KPCL0034,candidato_auto,2026-06-26T06:44:34.948406+00:00
297,304,2026-06-09 17:14:00+00:00,2026-06-09 17:16:00+00:00,servido,,KPCL0034,candidato_auto,2026-06-26T06:44:51.247505+00:00
298,308,2026-06-10 08:56:00+00:00,2026-06-10 09:02:00+00:00,alimentacion,,KPCL0034,candidato_auto,2026-06-26T06:45:22.792522+00:00
299,312,2026-06-10 16:07:00+00:00,2026-06-10 16:15:00+00:00,alimentacion,,KPCL0034,candidato_auto,2026-06-26T06:45:44.567804+00:00
300,316,2026-06-11 04:37:00+00:00,2026-06-11 04:53:00+00:00,ruido,,KPCL0034,candidato_auto,2026-06-26T06:46:00.980316+00:00
301,320,2026-06-11 17:39:00+00:00,2026-06-11 17:48:00+00:00,alimentacion,,KPCL0034,candidato_auto,2026-06-26T06:46:12.952662+00:00
302,324,2026-06-12 15:03:00+00:00,2026-06-12 15:16:00+00:00,ruido,,KPCL0034,candidato_auto,2026-06-26T06:46:17.659205+00:00
303,328,2026-06-13 04:22:00+00:00,2026-06-13 04:25:00+00:00,servido,,KPCL0034,candidato_auto,2026-06-26T06:47:22.478434+00:00
304,65,2026-04-20 15:14:00+00:00,2026-04-20 15:27:00+00:00,ruido,,KPCL0034,candidato_auto,2026-06-26T07:04:30.033099+00:00
305,101,2026-04-27 04:48:00+00:00,2026-04-27 04:50:00+00:00,servido,,KPCL0034,candidato_auto,2026-06-26T07:04:48.887027+00:00
306,133,2026-05-02 20:35:00+00:00,2026-05-02 20:40:00+00:00,alimentacion,,KPCL0034,candidato_auto,2026-06-26T07:05:09.256962+00:00
307,165,2026-05-26 01:42:00+00:00,2026-05-26 01:44:00+00:00,servido,,KPCL0034,candidato_auto,2026-06-26T07:05:25.381010+00:00
308,182,2026-05-28 09:47:00+00:00,2026-05-28 09:54:00+00:00,alimentacion,,KPCL0034,candidato_auto,2026-06-26T07:05:38.419847+00:00
309,198,2026-05-30 03:33:00+00:00,2026-05-30 03:44:00+00:00,ruido,,KPCL0034,candidato_auto,2026-06-26T07:05:42.680989+00:00
310,214,2026-05-31 16:51:00+00:00,2026-05-31 16:59:00+00:00,ruido,,KPCL0034,candidato_auto,2026-06-26T07:06:09.833224+00:00
312,246,2026-06-03 16:30:00+00:00,2026-06-03 16:42:00+00:00,ruido,,KPCL0034,candidato_auto,2026-06-26T07:07:28.364772+00:00
313,262,2026-06-04 22:36:00+00:00,2026-06-04 22:42:00+00:00,alimentacion,,KPCL0034,candidato_auto,2026-06-26T07:07:42.698427+00:00
314,278,2026-06-05 20:53:00+00:00,2026-06-05 21:04:00+00:00,ruido,,KPCL0034,candidato_auto,2026-06-26T07:07:52.988512+00:00
315,290,2026-06-07 08:29:00+00:00,2026-06-07 08:36:00+00:00,alimentacion,,KPCL0034,candidato_auto,2026-06-26T07:08:24.154527+00:00
316,298,2026-06-08 17:06:00+00:00,2026-06-08 17:32:00+00:00,ruido,,KPCL0034,candidato_auto,2026-06-26T07:08:35.147542+00:00
317,306,2026-06-09 20:53:00+00:00,2026-06-09 21:02:00+00:00,alimentacion,,KPCL0034,candidato_auto,2026-06-26T07:08:56.176500+00:00
318,314,2026-06-10 20:42:00+00:00,2026-06-10 20:53:00+00:00,ruido,,KPCL0034,candidato_auto,2026-06-26T07:09:00.035445+00:00
319,322,2026-06-12 05:00:00+00:00,2026-06-12 05:08:00+00:00,alimentacion,,KPCL0034,candidato_auto,2026-06-26T07:09:25.570721+00:00
320,330,2026-06-13 18:59:00+00:00,2026-06-13 19:05:00+00:00,ruido,,KPCL0034,candidato_auto,2026-06-26T07:09:29.641721+00:00
321,334,2026-06-14 20:45:00+00:00,2026-06-14 21:02:00+00:00,ruido,,KPCL0034,candidato_auto,2026-06-26T07:09:38.720553+00:00
322,338,2026-06-15 02:10:00+00:00,2026-06-15 02:36:00+00:00,ruido,,KPCL0034,candidato_auto,2026-06-26T07:09:43.768632+00:00
323,342,2026-06-15 09:23:00+00:00,2026-06-15 09:34:00+00:00,ruido,,KPCL0034,candidato_auto,2026-06-26T07:09:50.159759+00:00
324,344,2026-06-15 14:51:00+00:00,2026-06-15 15:02:00+00:00,ruido,,KPCL0034,candidato_auto,2026-06-26T07:09:55.870562+00:00
325,346,2026-06-15 20:05:00+00:00,2026-06-15 20:17:00+00:00,alimentacion,,KPCL0034,candidato_auto,2026-06-26T07:10:23.257193+00:00
326,348,2026-06-16 02:37:00+00:00,2026-06-16 02:51:00+00:00,ruido,,KPCL0034,candidato_auto,2026-06-26T07:10:40.297124+00:00
327,350,2026-06-16 08:17:00+00:00,2026-06-16 08:25:00+00:00,alimentacion,,KPCL0034,candidato_auto,2026-06-26T07:11:21.597888+00:00
328,352,2026-06-16 14:56:00+00:00,2026-06-16 14:58:00+00:00,servido,,KPCL0034,candidato_auto,2026-06-26T07:11:42.920573+00:00
329,354,2026-06-16 16:54:00+00:00,2026-06-16 17:02:00+00:00,alimentacion,,KPCL0034,candidato_auto,2026-06-26T07:12:35.900506+00:00
330,356,2026-06-16 18:25:00+00:00,2026-06-16 18:29:00+00:00,ruido,,KPCL0034,candidato_auto,2026-06-26T07:12:40.107901+00:00
333,362,2026-06-17 15:33:00+00:00,2026-06-17 15:44:00+00:00,ruido,,KPCL0034,candidato_auto,2026-06-26T07:13:28.267859+00:00
334,364,2026-06-17 20:11:00+00:00,2026-06-17 20:21:00+00:00,alimentacion,,KPCL0034,candidato_auto,2026-06-26T07:13:54.764215+00:00
335,366,2026-06-18 05:49:00+00:00,2026-06-18 06:06:00+00:00,ruido,,KPCL0034,candidato_auto,2026-06-26T07:14:07.735102+00:00
336,368,2026-06-18 15:26:00+00:00,2026-06-18 15:41:00+00:00,ruido,,KPCL0034,candidato_auto,2026-06-26T07:14:16.194857+00:00
337,370,2026-06-18 16:30:00+00:00,2026-06-18 16:42:00+00:00,ruido,,KPCL0034,candidato_auto,2026-06-26T07:14:20.417211+00:00
338,372,2026-06-18 23:13:00+00:00,2026-06-18 23:21:00+00:00,alimentacion,,KPCL0034,candidato_auto,2026-06-26T07:14:41.757184+00:00
339,374,2026-06-19 10:17:00+00:00,2026-06-19 10:26:00+00:00,alimentacion,,KPCL0034,candidato_auto,2026-06-26T07:15:05.766237+00:00
340,376,2026-06-19 14:53:00+00:00,2026-06-19 14:55:00+00:00,servido,,KPCL0034,candidato_auto,2026-06-26T07:15:19.892074+00:00
341,85,2026-04-24 09:28:00+00:00,2026-04-24 09:37:00+00:00,alimentacion,,KPCL0034,candidato_auto,2026-06-26T07:31:38.752508+00:00
342,149,2026-05-05 08:57:00+00:00,2026-05-05 09:05:00+00:00,alimentacion,,KPCL0034,candidato_auto,2026-06-26T07:31:57.616106+00:00
343,190,2026-05-29 00:19:00+00:00,2026-05-29 00:26:00+00:00,ruido,,KPCL0034,candidato_auto,2026-06-26T07:32:01.859658+00:00
344,222,2026-06-01 15:45:00+00:00,2026-06-01 15:56:00+00:00,ruido,,KPCL0034,candidato_auto,2026-06-26T07:32:06.061766+00:00
345,254,2026-06-04 12:27:00+00:00,2026-06-04 12:44:00+00:00,ruido,,KPCL0034,candidato_auto,2026-06-26T07:32:31.504272+00:00
346,286,2026-06-06 23:58:00+00:00,2026-06-07 00:10:00+00:00,ruido,,KPCL0034,candidato_auto,2026-06-26T07:32:36.034247+00:00
347,302,2026-06-09 12:14:00+00:00,2026-06-09 12:16:00+00:00,servido,,KPCL0034,candidato_auto,2026-06-26T07:33:00.949656+00:00
348,318,2026-06-11 14:19:00+00:00,2026-06-11 14:30:00+00:00,ruido,,KPCL0034,candidato_auto,2026-06-26T07:33:04.692081+00:00
349,332,2026-06-14 15:55:00+00:00,2026-06-14 16:14:00+00:00,ruido,,KPCL0034,candidato_auto,2026-06-26T07:33:43.940071+00:00
350,340,2026-06-15 03:31:00+00:00,2026-06-15 03:47:00+00:00,ruido,,KPCL0034,candidato_auto,2026-06-26T07:33:48.747808+00:00
351,345,2026-06-15 15:06:00+00:00,2026-06-15 15:10:00+00:00,ruido,,KPCL0034,candidato_auto,2026-06-26T07:33:57.246042+00:00
352,349,2026-06-16 04:48:00+00:00,2026-06-16 04:59:00+00:00,ruido,,KPCL0034,candidato_auto,2026-06-26T07:34:13.807923+00:00
353,353,2026-06-16 16:22:00+00:00,2026-06-16 16:34:00+00:00,ruido,,KPCL0034,candidato_auto,2026-06-26T07:34:18.358115+00:00
354,357,2026-06-16 21:46:00+00:00,2026-06-16 21:50:00+00:00,ruido,,KPCL0034,candidato_auto,2026-06-26T07:34:29.530139+00:00
355,361,2026-06-17 15:11:00+00:00,2026-06-17 15:13:00+00:00,servido,,KPCL0034,candidato_auto,2026-06-26T07:34:53.482012+00:00
356,365,2026-06-17 22:19:00+00:00,2026-06-17 22:20:00+00:00,servido,,KPCL0034,candidato_auto,2026-06-26T07:35:19.599140+00:00
357,369,2026-06-18 15:59:00+00:00,2026-06-18 16:01:00+00:00,servido,,KPCL0034,candidato_auto,2026-06-26T07:35:34.898613+00:00
358,373,2026-06-19 05:40:00+00:00,2026-06-19 05:47:00+00:00,alimentacion,,KPCL0034,candidato_auto,2026-06-26T07:36:02.500053+00:00
359,377,2026-06-19 18:34:00+00:00,2026-06-19 18:45:00+00:00,ruido,,KPCL0034,candidato_auto,2026-06-26T07:36:06.388938+00:00
360,117,2026-04-30 12:27:00+00:00,2026-04-30 12:35:00+00:00,alimentacion,,KPCL0034,candidato_auto,2026-06-26T15:51:54.039115+00:00
361,206,2026-05-30 21:47:00+00:00,2026-05-30 21:53:00+00:00,alimentacion,,KPCL0034,candidato_auto,2026-06-26T15:52:17.223209+00:00
362,270,2026-06-05 15:05:00+00:00,2026-06-05 15:14:00+00:00,alimentacion,,KPCL0034,candidato_auto,2026-06-26T15:52:30.157867+00:00
363,310,2026-06-10 13:11:00+00:00,2026-06-10 13:18:00+00:00,alimentacion,,KPCL0034,candidato_auto,2026-06-26T15:52:41.940292+00:00
366,355,2026-06-16 17:28:00+00:00,2026-06-16 17:40:00+00:00,ruido,,KPCL0034,candidato_auto,2026-06-26T15:53:29.493848+00:00
367,363,2026-06-17 15:45:00+00:00,2026-06-17 15:54:00+00:00,alimentacion,,KPCL0034,candidato_auto,2026-06-26T15:53:46.805410+00:00
368,371,2026-06-18 20:45:00+00:00,2026-06-18 21:00:00+00:00,ruido,,KPCL0034,candidato_auto,2026-06-26T15:53:56.692444+00:00
369,378,2026-06-19 20:31:00+00:00,2026-06-19 20:35:00+00:00,alimentacion,,KPCL0034,candidato_auto,2026-06-26T15:54:25.521600+00:00
370,380,2026-06-20 02:41:00+00:00,2026-06-20 02:52:00+00:00,ruido,,KPCL0034,candidato_auto,2026-06-26T15:54:29.075092+00:00
371,382,2026-06-20 09:20:00+00:00,2026-06-20 09:42:00+00:00,ruido,,KPCL0034,candidato_auto,2026-06-26T15:54:34.122939+00:00
372,384,2026-06-20 15:18:00+00:00,2026-06-20 15:22:00+00:00,alimentacion,,KPCL0034,candidato_auto,2026-06-26T15:54:55.426170+00:00
373,386,2026-06-20 23:28:00+00:00,2026-06-20 23:36:00+00:00,alimentacion,,KPCL0034,candidato_auto,2026-06-26T15:55:11.489427+00:00
374,388,2026-06-21 12:20:00+00:00,2026-06-21 12:25:00+00:00,alimentacion,,KPCL0034,candidato_auto,2026-06-26T15:55:19.871439+00:00
375,390,2026-06-21 14:19:00+00:00,2026-06-21 14:25:00+00:00,alimentacion,,KPCL0034,candidato_auto,2026-06-26T15:55:30.877029+00:00
376,392,2026-06-21 17:59:00+00:00,2026-06-21 18:08:00+00:00,alimentacion,,KPCL0034,candidato_auto,2026-06-26T15:55:40.521404+00:00
377,394,2026-06-22 00:26:00+00:00,2026-06-22 00:32:00+00:00,alimentacion,,KPCL0034,candidato_auto,2026-06-26T15:55:57.806931+00:00
378,396,2026-06-22 14:31:00+00:00,2026-06-22 14:33:00+00:00,servido,,KPCL0034,candidato_auto,2026-06-26T15:56:49.303830+00:00
379,398,2026-06-22 22:41:00+00:00,2026-06-22 22:46:00+00:00,ruido,,KPCL0034,candidato_auto,2026-06-26T15:56:55.985894+00:00
380,400,2026-06-23 00:10:00+00:00,2026-06-23 00:13:00+00:00,servido,,KPCL0034,candidato_auto,2026-06-26T15:57:10.311614+00:00
381,402,2026-06-23 14:08:00+00:00,2026-06-23 14:13:00+00:00,alimentacion,,KPCL0034,candidato_auto,2026-06-26T15:57:22.272491+00:00
382,404,2026-06-23 21:37:00+00:00,2026-06-23 21:46:00+00:00,ruido,,KPCL0034,candidato_auto,2026-06-26T15:57:26.799244+00:00
383,406,2026-06-24 02:38:00+00:00,2026-06-24 02:44:00+00:00,alimentacion,,KPCL0034,candidato_auto,2026-06-26T15:57:39.466877+00:00
384,408,2026-06-24 10:08:00+00:00,2026-06-24 10:18:00+00:00,ruido,,KPCL0034,candidato_auto,2026-06-26T15:57:43.424027+00:00
385,410,2026-06-24 20:03:00+00:00,2026-06-24 20:08:00+00:00,alimentacion,,KPCL0034,candidato_auto,2026-06-26T15:58:26.145566+00:00
386,412,2026-06-25 08:08:00+00:00,2026-06-25 08:15:00+00:00,alimentacion,,KPCL0034,candidato_auto,2026-06-26T15:58:45.620964+00:00
387,414,2026-06-25 14:49:00+00:00,2026-06-25 14:57:00+00:00,alimentacion,,KPCL0034,candidato_auto,2026-06-26T15:58:56.970031+00:00
388,416,2026-06-26 01:01:00+00:00,2026-06-26 01:13:00+00:00,ruido,,KPCL0034,candidato_auto,2026-06-26T15:59:00.274930+00:00
389,174,2026-05-27 00:02:00+00:00,2026-05-27 00:19:00+00:00,ruido,,KPCL0034,candidato_auto,2026-06-26T15:59:06.915098+00:00
390,294,2026-06-07 23:48:00+00:00,2026-06-07 23:53:00+00:00,alimentacion,,KPCL0034,candidato_auto,2026-06-26T15:59:19.222933+00:00
391,343,2026-06-15 11:28:00+00:00,2026-06-15 11:37:00+00:00,alimentacion,,KPCL0034,candidato_auto,2026-06-26T15:59:38.634032+00:00
392,359,2026-06-17 07:34:00+00:00,2026-06-17 07:38:00+00:00,ruido,,KPCL0034,candidato_auto,2026-06-26T15:59:42.023592+00:00
393,375,2026-06-19 13:34:00+00:00,2026-06-19 13:40:00+00:00,ruido,,KPCL0034,candidato_auto,2026-06-26T15:59:53.380275+00:00
394,381,2026-06-20 07:15:00+00:00,2026-06-20 07:26:00+00:00,ruido,,KPCL0034,candidato_auto,2026-06-26T15:59:56.890691+00:00
395,385,2026-06-20 21:00:00+00:00,2026-06-20 21:02:00+00:00,servido,,KPCL0034,candidato_auto,2026-06-26T16:01:54.857864+00:00
396,389,2026-06-21 13:13:00+00:00,2026-06-21 13:25:00+00:00,ruido,,KPCL0034,candidato_auto,2026-06-26T16:02:10.656970+00:00
397,393,2026-06-21 23:45:00+00:00,2026-06-21 23:51:00+00:00,alimentacion,,KPCL0034,candidato_auto,2026-06-26T16:02:30.736894+00:00
398,397,2026-06-22 19:53:00+00:00,2026-06-22 20:02:00+00:00,alimentacion,,KPCL0034,candidato_auto,2026-06-26T16:02:53.059057+00:00
399,401,2026-06-23 11:05:00+00:00,2026-06-23 11:11:00+00:00,alimentacion,,KPCL0034,candidato_auto,2026-06-26T16:03:16.056621+00:00
400,405,2026-06-24 01:52:00+00:00,2026-06-24 01:54:00+00:00,servido,,KPCL0034,candidato_auto,2026-06-26T16:03:41.366558+00:00
401,409,2026-06-24 13:26:00+00:00,2026-06-24 13:31:00+00:00,alimentacion,,KPCL0034,candidato_auto,2026-06-26T16:03:51.269889+00:00
402,413,2026-06-25 11:11:00+00:00,2026-06-25 11:16:00+00:00,alimentacion,,KPCL0034,candidato_auto,2026-06-26T16:04:04.236717+00:00
403,238,2026-06-02 18:16:00+00:00,2026-06-02 18:20:00+00:00,ruido,,KPCL0034,candidato_auto,2026-06-26T16:04:07.728261+00:00
404,351,2026-06-16 12:50:00+00:00,2026-06-16 12:55:00+00:00,alimentacion,,KPCL0034,candidato_auto,2026-06-26T16:04:18.708512+00:00
405,379,2026-06-19 23:55:00+00:00,2026-06-20 00:00:00+00:00,alimentacion,,KPCL0034,candidato_auto,2026-06-26T16:04:28.084966+00:00
406,387,2026-06-21 07:11:00+00:00,2026-06-21 07:15:00+00:00,alimentacion,,KPCL0034,candidato_auto,2026-06-26T16:04:38.589275+00:00
407,395,2026-06-22 11:11:00+00:00,2026-06-22 11:14:00+00:00,alimentacion,,KPCL0034,candidato_auto,2026-06-26T16:04:51.636438+00:00
408,403,2026-06-23 20:34:00+00:00,2026-06-23 20:42:00+00:00,alimentacion,,KPCL0034,candidato_auto,2026-06-26T16:05:58.493550+00:00
409,411,2026-06-24 22:57:00+00:00,2026-06-24 23:02:00+00:00,alimentacion,,KPCL0034,candidato_auto,2026-06-26T16:06:10.314108+00:00
410,326,2026-06-12 23:45:00+00:00,2026-06-12 23:49:00+00:00,ruido,,KPCL0034,candidato_auto,2026-06-26T16:06:21.804905+00:00
412,399,2026-06-22 22:51:00+00:00,2026-06-22 22:57:00+00:00,alimentacion,,KPCL0034,candidato_auto,2026-06-26T16:06:49.097741+00:00
413,415,2026-06-25 23:49:00+00:00,2026-06-25 23:50:00+00:00,servido,,KPCL0034,candidato_auto,2026-06-26T16:07:01.600603+00:00
414,367,2026-06-18 11:41:00+00:00,2026-06-18 11:50:00+00:00,alimentacion,,KPCL0034,candidato_auto,2026-06-26T16:07:10.978798+00:00
415,407,2026-06-24 09:06:00+00:00,2026-06-24 09:18:00+00:00,ruido,,KPCL0034,candidato_auto,2026-06-26T16:07:15.234098+00:00
416,391,2026-06-21 16:07:00+00:00,2026-06-21 16:09:00+00:00,servido,,KPCL0034,candidato_auto,2026-06-26T16:08:36.464775+00:00
417,15,2026-04-10 04:35:00+00:00,2026-04-10 05:00:00+00:00,ruido,,KPCL0034,candidato_auto,2026-06-26T21:05:24.791657+00:00
419,27,2026-04-12 03:57:00+00:00,2026-04-12 04:20:00+00:00,ruido,,KPCL0034,candidato_auto,2026-06-26T21:06:02.017250+00:00
420,0,2026-04-08 03:10:00+00:00,2026-04-08 03:29:00+00:00,ruido,,KPCL0034,candidato_auto,2026-06-26T21:31:39.492671+00:00
421,159,2026-05-07 00:54:00+00:00,2026-05-07 00:56:00+00:00,servido,,KPCL0034,candidato_auto,2026-06-26T21:32:39.791802+00:00
422,75,2026-04-22 14:54:00+00:00,2026-04-22 14:57:00+00:00,servido,,KPCL0034,candidato_auto,2026-06-26T21:32:51.534454+00:00
429,347,2026-06-16 00:37:00+00:00,2026-06-16 00:48:00+00:00,ruido,,KPCL0034,candidato_auto,2026-06-26T21:49:41.846788+00:00
430,50,2026-04-15 13:59:00+00:00,2026-04-15 14:08:00+00:00,ruido,,KPCL0034,candidato_auto,2026-06-26T21:50:01.825885+00:00
431,119,2026-04-30 20:56:00+00:00,2026-04-30 21:06:00+00:00,ruido,,KPCL0034,candidato_auto,2026-06-26T21:50:13.898962+00:00
432,233,2026-06-02 06:49:00+00:00,2026-06-02 06:56:00+00:00,alimentacion,,KPCL0034,candidato_auto,2026-06-26T21:50:33.379648+00:00
436,142,2026-05-04 02:38:00+00:00,2026-05-04 02:42:00+00:00,alimentacion,,KPCL0034,candidato_auto,2026-06-26T21:51:54.682191+00:00
437,17,2026-04-10 12:05:00+00:00,2026-04-10 12:07:00+00:00,servido,,KPCL0034,candidato_auto,2026-06-26T22:06:56.168548+00:00
438,95,2026-04-26 03:01:00+00:00,2026-04-26 03:06:00+00:00,alimentacion,,KPCL0034,candidato_auto,2026-06-26T22:07:33.438314+00:00
439,78,2026-04-23 01:25:00+00:00,2026-04-23 01:30:00+00:00,alimentacion,,KPCL0034,candidato_auto,2026-06-26T22:11:54.035339+00:00
440,127,2026-05-01 16:41:00+00:00,2026-05-01 16:46:00+00:00,alimentacion,,KPCL0034,candidato_auto,2026-06-26T22:12:22.126318+00:00
441,239,2026-06-02 19:53:00+00:00,2026-06-02 20:06:00+00:00,ruido,,KPCL0034,candidato_auto,2026-06-26T22:12:46.499087+00:00
442,383,2026-06-20 11:56:00+00:00,2026-06-20 12:01:00+00:00,alimentacion,,KPCL0034,candidato_auto,2026-06-26T22:13:02.667322+00:00
443,114,2026-04-29 23:51:00+00:00,2026-04-29 23:54:00+00:00,alimentacion,,KPCL0034,candidato_auto,2026-06-26T22:13:29.608697+00:00
444,313,2026-06-10 17:44:00+00:00,2026-06-10 17:47:00+00:00,servido,,KPCL0034,candidato_auto,2026-06-26T22:13:40.094663+00:00
445,230,2026-06-02 00:31:00+00:00,2026-06-02 00:42:00+00:00,ruido,,KPCL0034,candidato_auto,2026-06-26T22:13:59.411731+00:00
446,417,2026-06-26 02:50:00+00:00,2026-06-26 02:54:00+00:00,alimentacion,,KPCL0034,candidato_auto,2026-06-27T05:09:33.433756+00:00
447,419,2026-06-26 20:22:00+00:00,2026-06-26 20:28:00+00:00,alimentacion,,KPCL0034,candidato_auto,2026-06-27T05:09:47.974454+00:00
448,418,2026-06-26 09:41:00+00:00,2026-06-26 09:48:00+00:00,alimentacion,,KPCL0034,candidato_auto,2026-06-27T05:10:22.804531+00:00
449,420,2026-06-27 01:29:00+00:00,2026-06-27 01:36:00+00:00,alimentacion,,KPCL0034,candidato_auto,2026-06-27T05:10:37.958648+00:00
450,421,2026-06-27 06:25:00+00:00,2026-06-27 06:27:00+00:00,servido,,KPCL0034,candidato_auto,2026-06-27T18:45:36.407220+00:00
451,423,2026-06-27 14:45:00+00:00,2026-06-27 14:53:00+00:00,alimentacion,,KPCL0034,candidato_auto,2026-06-27T19:08:37.212871+00:00
452,422,2026-06-27 11:33:00+00:00,2026-06-27 11:41:00+00:00,alimentacion,,KPCL0034,candidato_auto,2026-06-27T19:19:43.168483+00:00
453,88,2026-04-24 22:35:00+00:00,2026-04-24 22:42:00+00:00,alimentacion,,KPCL0034,candidato_auto,2026-06-27T19:49:35.994031+00:00
454,153,2026-05-05 23:37:00+00:00,2026-05-05 23:42:00+00:00,alimentacion,,KPCL0034,candidato_auto,2026-06-27T21:34:42.676572+00:00
455,161,2026-05-25 12:17:00+00:00,2026-05-25 12:24:00+00:00,alimentacion,,KPCL0034,candidato_auto,2026-06-27T21:51:38.047960+00:00
456,155,2026-05-06 02:48:00+00:00,2026-05-06 02:55:00+00:00,alimentacion,,KPCL0034,candidato_auto,2026-06-27T22:51:09.731189+00:00
457,168,2026-05-26 11:07:00+00:00,2026-05-26 11:14:00+00:00,alimentacion,,KPCL0034,candidato_auto,2026-06-27T23:13:38.429718+00:00
458,260,2026-06-04 17:43:00+00:00,2026-06-04 17:56:00+00:00,alimentacion,,KPCL0034,candidato_auto,2026-06-27T23:31:02.268516+00:00
459,336,2026-06-14 23:43:00+00:00,2026-06-14 23:51:00+00:00,alimentacion,,KPCL0034,candidato_auto,2026-06-27T23:41:09.796519+00:00
460,360,2026-06-17 07:50:00+00:00,2026-06-17 08:00:00+00:00,alimentacion,,KPCL0034,candidato_auto,2026-06-27T23:50:41.709514+00:00
461,241,2026-06-02 23:09:00+00:00,2026-06-02 23:19:00+00:00,alimentacion,,KPCL0034,candidato_auto,2026-06-27T23:57:57.669577+00:00
462,358,2026-06-17 00:53:00+00:00,2026-06-17 01:03:00+00:00,alimentacion,,KPCL0034,candidato_auto,2026-06-28T00:04:54.748008+00:00
463,323,2026-06-12 10:19:00+00:00,2026-06-12 10:26:00+00:00,alimentacion,,KPCL0034,candidato_auto,2026-06-28T00:13:33.888402+00:00
464,424,2026-06-27 23:57:00+00:00,2026-06-28 00:04:00+00:00,alimentacion,,KPCL0034,candidato_auto,2026-06-28T00:51:22.880519+00:00
465,425,2026-06-28 03:37:00+00:00,2026-06-28 03:44:00+00:00,alimentacion,,KPCL0034,candidato_auto,2026-06-28T19:32:13.374805+00:00
466,427,2026-06-28 17:28:00+00:00,2026-06-28 17:29:00+00:00,ruido,,KPCL0034,candidato_auto,2026-06-28T19:32:25.263204+00:00
467,426,2026-06-28T13:02:00+00:00,2026-06-28T13:11:00+00:00,alimentacion,,KPCL0034,candidato_auto,2026-06-28T19:32:46.037074+00:00
468,428,2026-06-28T21:28:00+00:00,2026-06-28T21:29:00+00:00,servido,,KPCL0034,candidato_auto,2026-07-01T05:10:57.464254+00:00
469,429,2026-06-28T21:46:00+00:00,2026-06-28T21:50:00+00:00,alimentacion,,KPCL0034,candidato_auto,2026-07-01T05:11:23.593277+00:00
470,430,2026-06-28T22:08:00+00:00,2026-06-28T22:19:00+00:00,ruido,,KPCL0034,candidato_auto,2026-07-01T05:11:29.108772+00:00
471,431,2026-06-29T00:42:00+00:00,2026-06-29T00:47:00+00:00,ruido,,KPCL0034,candidato_auto,2026-07-01T05:11:38.589589+00:00
472,432,2026-06-29T07:56:00+00:00,2026-06-29T08:02:00+00:00,alimentacion,,KPCL0034,candidato_auto,2026-07-01T05:12:00.272419+00:00
473,433,2026-06-29T12:53:00+00:00,2026-06-29T12:59:00+00:00,alimentacion,,KPCL0034,candidato_auto,2026-07-01T05:12:18.211180+00:00
474,434,2026-06-29T17:14:00+00:00,2026-06-29T17:19:00+00:00,alimentacion,,KPCL0034,candidato_auto,2026-07-01T05:12:31.949098+00:00
475,435,2026-06-29T21:15:00+00:00,2026-06-29T21:21:00+00:00,alimentacion,,KPCL0034,candidato_auto,2026-07-01T05:12:52.177973+00:00
476,436,2026-06-30T02:17:00+00:00,2026-06-30T02:28:00+00:00,alimentacion,,KPCL0034,candidato_auto,2026-07-01T05:13:33.478695+00:00
477,437,2026-06-30T09:26:00+00:00,2026-06-30T09:34:00+00:00,alimentacion,,KPCL0034,candidato_auto,2026-07-01T05:13:47.856368+00:00
478,438,2026-06-30T14:50:00+00:00,2026-06-30T14:54:00+00:00,alimentacion,,KPCL0034,candidato_auto,2026-07-01T05:14:13.298943+00:00
479,439,2026-06-30T15:05:00+00:00,2026-06-30T15:07:00+00:00,servido,,KPCL0034,candidato_auto,2026-07-01T05:15:09.246990+00:00
480,440,2026-06-30T20:52:00+00:00,2026-06-30T20:59:00+00:00,alimentacion,,KPCL0034,candidato_auto,2026-07-01T05:38:45.273551+00:00
481,441,2026-07-01T09:29:00+00:00,2026-07-01T09:40:00+00:00,ruido,,KPCL0034,candidato_auto,2026-07-10T15:37:14.196006+00:00
482,442,2026-07-01T10:12:00+00:00,2026-07-01T10:30:00+00:00,alimentacion,,KPCL0034,candidato_auto,2026-07-10T15:37:20.485585+00:00
483,443,2026-07-01T13:14:00+00:00,2026-07-01T13:29:00+00:00,alimentacion,,KPCL0034,candidato_auto,2026-07-10T15:37:28.762251+00:00
484,444,2026-07-01T14:42:00+00:00,2026-07-01T14:55:00+00:00,ruido,,KPCL0034,candidato_auto,2026-07-10T15:37:41.732606+00:00
485,445,2026-07-01T18:27:00+00:00,2026-07-01T18:38:00+00:00,servido,,KPCL0034,candidato_auto,2026-07-10T15:37:46.809585+00:00
486,446,2026-07-01T21:20:00+00:00,2026-07-01T21:26:00+00:00,ruido,,KPCL0034,candidato_auto,2026-07-10T15:37:52.448513+00:00
487,447,2026-07-02T07:04:00+00:00,2026-07-02T07:18:00+00:00,alimentacion,,KPCL0034,candidato_auto,2026-07-10T15:37:55.996959+00:00
488,448,2026-07-02T10:29:00+00:00,2026-07-02T10:43:00+00:00,alimentacion,,KPCL0034,candidato_auto,2026-07-10T15:37:58.540229+00:00
489,449,2026-07-02T14:34:00+00:00,2026-07-02T14:51:00+00:00,alimentacion,,KPCL0034,candidato_auto,2026-07-10T15:38:00.726595+00:00
490,450,2026-07-02T22:04:00+00:00,2026-07-02T22:21:00+00:00,alimentacion,,KPCL0034,candidato_auto,2026-07-10T15:38:02.722144+00:00
491,451,2026-07-03T01:43:00+00:00,2026-07-03T01:55:00+00:00,ruido,,KPCL0034,candidato_auto,2026-07-10T15:38:06.543330+00:00
492,452,2026-07-03T02:52:00+00:00,2026-07-03T03:04:00+00:00,servido,,KPCL0034,candidato_auto,2026-07-10T15:38:09.927165+00:00
493,453,2026-07-03T10:34:00+00:00,2026-07-03T10:51:00+00:00,alimentacion,,KPCL0034,candidato_auto,2026-07-10T15:38:21.459219+00:00
494,454,2026-07-03T14:18:00+00:00,2026-07-03T14:32:00+00:00,alimentacion,,KPCL0034,candidato_auto,2026-07-10T15:38:25.606924+00:00
495,455,2026-07-03T21:34:00+00:00,2026-07-03T21:46:00+00:00,alimentacion,,KPCL0034,candidato_auto,2026-07-10T15:38:28.864700+00:00
496,456,2026-07-04T01:12:00+00:00,2026-07-04T01:23:00+00:00,ruido,,KPCL0034,candidato_auto,2026-07-10T15:38:35.101211+00:00
497,457,2026-07-04T03:21:00+00:00,2026-07-04T03:36:00+00:00,alimentacion,,KPCL0034,candidato_auto,2026-07-10T15:38:47.261476+00:00
498,458,2026-07-04T12:08:00+00:00,2026-07-04T12:25:00+00:00,alimentacion,,KPCL0034,candidato_auto,2026-07-10T15:38:50.764597+00:00
499,459,2026-07-04T14:54:00+00:00,2026-07-04T15:09:00+00:00,alimentacion,,KPCL0034,candidato_auto,2026-07-10T15:38:54.631198+00:00
500,460,2026-07-04T18:07:00+00:00,2026-07-04T18:18:00+00:00,servido,,KPCL0034,candidato_auto,2026-07-10T15:38:58.673463+00:00
501,461,2026-07-04T22:22:00+00:00,2026-07-04T22:37:00+00:00,alimentacion,,KPCL0034,candidato_auto,2026-07-10T15:39:06.243973+00:00
502,462,2026-07-05T01:43:00+00:00,2026-07-05T01:56:00+00:00,alimentacion,,KPCL0034,candidato_auto,2026-07-10T15:39:08.654498+00:00
503,463,2026-07-05T10:06:00+00:00,2026-07-05T10:21:00+00:00,alimentacion,,KPCL0034,candidato_auto,2026-07-10T15:39:13.721746+00:00
504,464,2026-07-05T14:12:00+00:00,2026-07-05T14:23:00+00:00,ruido,,KPCL0034,candidato_auto,2026-07-10T15:39:18.920917+00:00
505,465,2026-07-05T14:37:00+00:00,2026-07-05T14:48:00+00:00,alimentacion,,KPCL0034,candidato_auto,2026-07-10T15:39:27.591995+00:00
506,466,2026-07-05T20:59:00+00:00,2026-07-05T21:13:00+00:00,alimentacion,,KPCL0034,candidato_auto,2026-07-10T15:39:30.743956+00:00
507,467,2026-07-06T01:48:00+00:00,2026-07-06T02:01:00+00:00,alimentacion,,KPCL0034,candidato_auto,2026-07-10T15:39:37.593523+00:00
508,468,2026-07-06T03:31:00+00:00,2026-07-06T03:46:00+00:00,alimentacion,,KPCL0034,candidato_auto,2026-07-10T15:39:44.776187+00:00
509,469,2026-07-06T10:27:00+00:00,2026-07-06T10:43:00+00:00,alimentacion,,KPCL0034,candidato_auto,2026-07-10T15:39:50.760222+00:00
510,470,2026-07-06T11:21:00+00:00,2026-07-06T11:33:00+00:00,ruido,,KPCL0034,candidato_auto,2026-07-10T15:40:08.215237+00:00
511,471,2026-07-06T11:43:00+00:00,2026-07-06T11:54:00+00:00,ruido,,KPCL0034,candidato_auto,2026-07-10T15:40:12.895760+00:00
512,472,2026-07-06T19:15:00+00:00,2026-07-06T19:26:00+00:00,servido,,KPCL0034,candidato_auto,2026-07-10T15:40:24.115986+00:00
513,473,2026-07-06T23:49:00+00:00,2026-07-07T00:00:00+00:00,alimentacion,,KPCL0034,candidato_auto,2026-07-10T15:40:28.594423+00:00
514,474,2026-07-07T02:44:00+00:00,2026-07-07T02:56:00+00:00,alimentacion,,KPCL0034,candidato_auto,2026-07-10T15:40:30.328788+00:00
515,475,2026-07-07T09:39:00+00:00,2026-07-07T09:54:00+00:00,alimentacion,,KPCL0034,candidato_auto,2026-07-10T15:40:31.999628+00:00
516,476,2026-07-07T11:27:00+00:00,2026-07-07T11:39:00+00:00,ruido,,KPCL0034,candidato_auto,2026-07-10T15:40:35.770394+00:00
517,477,2026-07-07T12:34:00+00:00,2026-07-07T12:49:00+00:00,alimentacion,,KPCL0034,candidato_auto,2026-07-10T15:40:45.240721+00:00
518,478,2026-07-07T14:00:00+00:00,2026-07-07T14:11:00+00:00,servido,,KPCL0034,candidato_auto,2026-07-10T15:40:49.078700+00:00
519,479,2026-07-07T20:24:00+00:00,2026-07-07T20:40:00+00:00,alimentacion,,KPCL0034,candidato_auto,2026-07-10T15:40:51.514981+00:00
520,480,2026-07-08T01:13:00+00:00,2026-07-08T01:27:00+00:00,alimentacion,,KPCL0034,candidato_auto,2026-07-10T15:40:53.367259+00:00
521,481,2026-07-08T03:06:00+00:00,2026-07-08T03:18:00+00:00,alimentacion,,KPCL0034,candidato_auto,2026-07-10T15:40:56.046867+00:00
522,482,2026-07-08T10:21:00+00:00,2026-07-08T10:37:00+00:00,alimentacion,,KPCL0034,candidato_auto,2026-07-10T15:40:57.580386+00:00
523,483,2026-07-08T14:16:00+00:00,2026-07-08T14:33:00+00:00,servido,,KPCL0034,candidato_auto,2026-07-10T15:41:01.460355+00:00
524,484,2026-07-08T20:37:00+00:00,2026-07-08T20:53:00+00:00,alimentacion,,KPCL0034,candidato_auto,2026-07-10T15:41:04.982659+00:00
525,485,2026-07-09T00:31:00+00:00,2026-07-09T00:44:00+00:00,alimentacion,,KPCL0034,candidato_auto,2026-07-10T15:41:06.578976+00:00
526,486,2026-07-09T01:02:00+00:00,2026-07-09T01:15:00+00:00,ruido,,KPCL0034,candidato_auto,2026-07-10T15:41:17.713377+00:00
527,487,2026-07-09T03:29:00+00:00,2026-07-09T03:43:00+00:00,servido,,KPCL0034,candidato_auto,2026-07-10T15:41:25.710795+00:00
528,488,2026-07-09T07:20:00+00:00,2026-07-09T07:38:00+00:00,ruido,,KPCL0034,candidato_auto,2026-07-10T15:41:36.747700+00:00
529,489,2026-07-09T11:30:00+00:00,2026-07-09T11:42:00+00:00,ruido,,KPCL0034,candidato_auto,2026-07-10T15:42:36.187004+00:00
530,490,2026-07-09T22:39:00+00:00,2026-07-09T23:21:00+00:00,ruido,,KPCL0034,candidato_auto,2026-07-10T15:42:48.509082+00:00
531,491,2026-07-09T23:41:00+00:00,2026-07-09T23:52:00+00:00,ruido,,KPCL0034,candidato_auto,2026-07-10T15:42:52.971269+00:00
532,492,2026-07-10T01:42:00+00:00,2026-07-10T01:47:00+00:00,ruido,,KPCL0034,candidato_auto,2026-07-10T15:43:30.878426+00:00
533,493,2026-07-10T09:01:00+00:00,2026-07-10T09:16:00+00:00,alimentacion,,KPCL0034,candidato_auto,2026-07-10T15:43:43.114784+00:00
534,494,2026-07-10T10:55:00+00:00,2026-07-10T11:20:00+00:00,ruido,,KPCL0034,candidato_auto,2026-07-10T15:43:48.713588+00:00
535,495,2026-07-10T13:14:00+00:00,2026-07-10T13:26:00+00:00,ruido,,KPCL0034,candidato_auto,2026-07-10T15:43:51.945020+00:00
536,496,2026-07-10T15:57:00+00:00,2026-07-10T16:05:00+00:00,alimentacion,,KPCL0034,candidato_auto,2026-08-11T04:55:45.785047+00:00
537,497,2026-07-10T22:59:00+00:00,2026-07-10T23:10:00+00:00,alimentacion,,KPCL0034,candidato_auto,2026-08-11T04:55:59.012075+00:00
538,498,2026-07-10T23:23:00+00:00,2026-07-10T23:28:00+00:00,ruido,,KPCL0034,candidato_auto,2026-08-11T04:56:08.115936+00:00
539,499,2026-07-11T00:28:00+00:00,2026-07-11T00:41:00+00:00,ruido,,KPCL0034,candidato_auto,2026-08-11T04:56:25.990475+00:00
540,500,2026-07-11T03:02:00+00:00,2026-07-11T03:08:00+00:00,servido,,KPCL0034,candidato_auto,2026-08-11T04:56:40.198057+00:00
541,501,2026-07-11T03:44:00+00:00,2026-07-11T03:49:00+00:00,alimentacion,,KPCL0034,candidato_auto,2026-08-11T04:57:11.315774+00:00
542,502,2026-07-11T11:08:00+00:00,2026-07-11T11:15:00+00:00,ruido,,KPCL0034,candidato_auto,2026-08-11T04:57:14.625154+00:00
543,503,2026-07-11T12:26:00+00:00,2026-07-11T12:39:00+00:00,ruido,,KPCL0034,candidato_auto,2026-08-11T04:57:17.188999+00:00
544,504,2026-07-11T15:24:00+00:00,2026-07-11T15:35:00+00:00,ruido,,KPCL0034,candidato_auto,2026-08-11T04:57:18.860170+00:00
545,505,2026-07-11T19:21:00+00:00,2026-07-11T19:32:00+00:00,ruido,,KPCL0034,candidato_auto,2026-08-11T04:57:23.630772+00:00
546,506,2026-07-11T22:36:00+00:00,2026-07-11T22:50:00+00:00,ruido,,KPCL0034,candidato_auto,2026-08-11T04:57:26.953198+00:00
547,507,2026-07-12T02:51:00+00:00,2026-07-12T03:01:00+00:00,ruido,,KPCL0034,candidato_auto,2026-08-11T04:57:29.582914+00:00
548,508,2026-07-12T11:23:00+00:00,2026-07-12T11:36:00+00:00,ruido,,KPCL0034,candidato_auto,2026-08-11T04:57:35.093199+00:00
549,509,2026-07-12T13:31:00+00:00,2026-07-12T13:45:00+00:00,alimentacion,,KPCL0034,candidato_auto,2026-08-11T04:57:47.240148+00:00
550,510,2026-07-12T14:25:00+00:00,2026-07-12T14:32:00+00:00,servido,,KPCL0034,candidato_auto,2026-08-11T04:57:58.371364+00:00
551,511,2026-07-12T21:36:00+00:00,2026-07-12T21:48:00+00:00,ruido,,KPCL0034,candidato_auto,2026-08-11T04:58:01.005138+00:00
552,512,2026-07-12T23:45:00+00:00,2026-07-12T23:58:00+00:00,ruido,,KPCL0034,candidato_auto,2026-08-11T04:58:02.787655+00:00
553,513,2026-07-13T03:15:00+00:00,2026-07-13T03:26:00+00:00,ruido,,KPCL0034,candidato_auto,2026-08-11T04:58:06.175273+00:00
554,514,2026-07-13T10:57:00+00:00,2026-07-13T11:08:00+00:00,ruido,,KPCL0034,candidato_auto,2026-08-11T04:58:12.526029+00:00
555,515,2026-07-13T13:46:00+00:00,2026-07-13T13:50:00+00:00,alimentacion,,KPCL0034,candidato_auto,2026-08-11T04:58:22.833972+00:00
556,516,2026-07-13T14:57:00+00:00,2026-07-13T15:08:00+00:00,ruido,,KPCL0034,candidato_auto,2026-08-11T04:58:24.783845+00:00
557,517,2026-07-13T15:29:00+00:00,2026-07-13T15:35:00+00:00,servido,,KPCL0034,candidato_auto,2026-08-11T04:58:34.021255+00:00
558,518,2026-07-13T19:06:00+00:00,2026-07-13T19:13:00+00:00,ruido,,KPCL0034,candidato_auto,2026-08-11T04:58:37.369551+00:00
559,519,2026-07-13T21:20:00+00:00,2026-07-13T21:32:00+00:00,ruido,,KPCL0034,candidato_auto,2026-08-11T04:58:43.666465+00:00
560,520,2026-07-14T00:54:00+00:00,2026-07-14T01:06:00+00:00,alimentacion,,KPCL0034,candidato_auto,2026-08-11T04:58:45.271072+00:00
561,521,2026-07-14T08:42:00+00:00,2026-07-14T08:56:00+00:00,ruido,,KPCL0034,candidato_auto,2026-08-11T04:58:46.717255+00:00
562,522,2026-07-14T11:10:00+00:00,2026-07-14T11:14:00+00:00,alimentacion,,KPCL0034,candidato_auto,2026-08-11T04:59:04.584449+00:00
563,523,2026-07-14T13:04:00+00:00,2026-07-14T13:16:00+00:00,alimentacion,,KPCL0034,candidato_auto,2026-08-11T04:59:08.430361+00:00
564,524,2026-07-14T13:24:00+00:00,2026-07-14T13:26:00+00:00,ruido,,KPCL0034,candidato_auto,2026-08-11T04:59:34.176128+00:00
565,525,2026-07-14T18:35:00+00:00,2026-07-14T18:46:00+00:00,ruido,,KPCL0034,candidato_auto,2026-08-11T04:59:43.900965+00:00
566,526,2026-07-14T19:33:00+00:00,2026-07-14T19:47:00+00:00,ruido,,KPCL0034,candidato_auto,2026-08-11T04:59:56.877192+00:00
567,527,2026-06-15T04:56:00+00:00,2026-06-15T05:07:00+00:00,servido,,KPCL0034,candidato_auto,2026-08-13T20:09:40.921771+00:00
568,528,2026-06-15T09:23:00+00:00,2026-06-15T09:34:00+00:00,ruido,,KPCL0034,candidato_auto,2026-08-13T20:09:47.151771+00:00
569,530,2026-06-15T11:31:00+00:00,2026-06-15T11:37:00+00:00,alimentacion,,KPCL0034,candidato_auto,2026-08-13T20:10:41.747674+00:00
570,531,2026-06-15T14:51:00+00:00,2026-06-15T15:02:00+00:00,ruido,,KPCL0034,candidato_auto,2026-08-13T20:10:46.714259+00:00
571,532,2026-06-15T15:06:00+00:00,2026-06-15T15:10:00+00:00,ruido,,KPCL0034,candidato_auto,2026-08-13T20:10:54.294341+00:00
